repo_name,file,commit,is_corrective,is_refactor
3liz/lizmap-web-client,lizmap/www/assets/js/edition.js,8420daa4d23d28cff666290824ebfe2efbbeb88b,true,false
3liz/lizmap-web-client,assets/src/components/OverviewMap.js,cb925a73d4e9c6717a5ec87a1b4530bff7cd716c,true,false
3liz/lizmap-web-client,tests/qgis-projects/tests/overview_map.qgs,cb925a73d4e9c6717a5ec87a1b4530bff7cd716c,true,false
3liz/lizmap-web-client,tests/qgis-projects/tests/overview_map.qgs.cfg,cb925a73d4e9c6717a5ec87a1b4530bff7cd716c,true,false
Adyen/adyen-magento2,.github/docker-compose.yml,d386083569d9a34300182958ddce08e977e9e959,true,true
Adyen/adyen-magento2,.github/scripts/e2e.sh,d386083569d9a34300182958ddce08e977e9e959,true,true
Adyen/adyen-magento2,Gateway/Validator/PaymentLinksResponseValidator.php,f644d545622c8a62a34b840f4bef0a0abb74bc23,false,true
AlfredoRamos/phpbb-ext-imgur,config/routing.yml,e06f76c71844f1254d9e59b6ee163604e29408a7,false,true
AlfredoRamos/phpbb-ext-imgur,config/services.yml,e06f76c71844f1254d9e59b6ee163604e29408a7,false,true
Awesome-Support/Awesome-Support,README.md,6cc022e336bf192ab91749d50a4b736ee7052b5c,true,false
AzuraCast/AzuraCast,src/MessageQueue/QueueManager.php,73aec2427c772481e72e0adabe41d82e15da16b6,true,false
AzuraCast/AzuraCast,src/Controller/Api/Traits/HasScheduleDisplay.php,8b7ff59fd5254b5e4ce7230698ee34cb3e31a4d2,true,false
Bakual/SermonSpeaker,com_sermonspeaker/admin/models/sermons.php,700581a00ce3fe82285d453bfaafd49595681d35,true,false
Bakual/SermonSpeaker,com_sermonspeaker/site/helpers/icon.php,c5cf2d548d4e35c2655cbcd7f1ac4466b0668367,true,false
BeWelcome/rox,assets/js/micromodal.js,188a6c37a19e772c8bf894cb9f2dfa571d16144b,true,false
BeWelcome/rox,build/groups/groups.model.php,9404f46684742a91d7152ddd1b7bd79dbb9eafdc,true,false
BoldGrid/prime,base.php,3c7ec7c36ef733b73d0b2d234bc26ef92eba8efb,true,false
CORE-POS/IS4C,pos/is4c-nf/lib/Scanning/SpecialUPCs/HouseCoupon.php,4cc8b7692b565737af7f2bb2f11ff83c79033229,true,false
CORE-POS/IS4C,pos/is4c-nf/gui-modules/memlist.php,c1daff6232508941a6c84130e4aa1b8a51ad311f,true,false
Cacti/cacti,CHANGELOG,c3017a59500de3d2f46cba6ba1a2c4b9af0cd965,true,false
Cacti/cacti,lib/api_automation.php,c3017a59500de3d2f46cba6ba1a2c4b9af0cd965,true,false
Cacti/plugin_thold,CHANGELOG.md,94251e37ae9762245cb5f352f2965b99161b50c7,true,false
Cacti/plugin_thold,includes/polling.php,94251e37ae9762245cb5f352f2965b99161b50c7,true,false
CatoTH/antragsgruen,views/motion/LayoutHelper.php,0a301f9eb92e74ddf9d6b736f89950c654c61f83,true,false
CatoTH/antragsgruen,views/consultation/sidebar.php,47ee7cfc8b0a2023c15694aa287d53f580173ca5,true,false
CatoTH/antragsgruen,tests/acceptance/user/AccountScreeningCept.php,62448276f96bfbfa148e43ba6d20ae378cdfccea,true,false
CatoTH/antragsgruen,tests/acceptance/useradministration/AccountRequestThenAddedRegularCept.php,62448276f96bfbfa148e43ba6d20ae378cdfccea,true,false
CatoTH/antragsgruen,tests/acceptance/useradministration/AccountScreeningCept.php,62448276f96bfbfa148e43ba6d20ae378cdfccea,true,false
CatoTH/antragsgruen,migrations/m220102_130212_user_groups.php,becc82ccb18a81b026550014e60fbc5ac7965518,true,false
CatoTH/antragsgruen,models/db/MotionSection.php,cf28300fece43ed54224a7cf686a17c90e08346a,true,false
CatoTH/antragsgruen,controllers/ManagerController.php,cfa6c9336ab1d9fb9bc6caf4337e597322125763,true,false
CatoTH/antragsgruen,tests/acceptance/admin/SiteAdminManagerCept.php,e69cd5e2ddfe63461ca531fe6fe20016b9044128,true,false
Chi-teck/drupal-code-generator,src/Command/Theme.php,bb8fe7a653b27b8581d1abb1125762096460b546,false,true
Chi-teck/drupal-code-generator,templates/plugin/rest-resource/rest-resource.twig,dd4128980f144a78495c37805d41ad5dd6815e18,false,true
Chi-teck/drupal-code-generator,tests/sut/qux/tests/src/Functional/RestResourceTest.php,dd4128980f144a78495c37805d41ad5dd6815e18,false,true
Codeception/Codeception,src/Codeception/Lib/Console/Output.php,d484ccc958c49f75729b7ea147b49c4965a5081b,false,true
Connections-Business-Directory/Connections,includes/inc.plugin-compatibility.php,09065f274def9843f735d92721d38d625b50cff4,false,true
Connections-Business-Directory/Connections,includes/Form/Field/Label.php,3b23620b61aaf7a3547c701ac45152c572abd992,true,false
Connections-Business-Directory/Connections,includes/template/class.template-parts.php,73ac4162317819acdd3e7a298a806242cfbbce11,true,false
Csardelacal/SpitfireEngine,core/kernel/WebKernel.php,524f4074dda4cf2ee45fae6144a6fe39c10e5821,false,true
Csardelacal/SpitfireEngine,phpstan-baseline.neon,524f4074dda4cf2ee45fae6144a6fe39c10e5821,false,true
Csardelacal/SpitfireEngine,tests/StringTest.php,693e2179c65f10622b17f9b7f39fdbb2d70c29de,false,true
Csardelacal/SpitfireEngine,utils/Strings.php,693e2179c65f10622b17f9b7f39fdbb2d70c29de,false,true
Cvolton/GMDprivateServer,incl/levels/uploadGJLevel.php,9db4d195b1ecc2f1e9707dcddf0561c4d508edde,true,false
Cvolton/GMDprivateServer,tools/account/changeUsername.php,bd5f041988c2bdf9cb538e622eb992d1c91fb0eb,true,false
Cvolton/GMDprivateServer,incl/scores/getGJScores.php,f0418fde5295fd2b32aaa32a664e957befa0caba,true,false
Darkjeff/immobilier,receipt/immoreceipt_list.php,edb414dd5d5d5d2ebc39a3206abd958bc9270910,true,false
FreshRSS/FreshRSS,p/themes/Ansum/_mobile.scss,4191f9859ec1ec524167478c6fffce1da219a8fe,true,true
FreshRSS/FreshRSS,p/themes/Mapco/_mobile.scss,4191f9859ec1ec524167478c6fffce1da219a8fe,true,true
FreshRSS/FreshRSS,p/themes/Ansum/_components.scss,c9d0d20ef66d546d1a1e24380b1363d2471986e9,true,false
FreshRSS/FreshRSS,p/themes/Mapco/_components.scss,c9d0d20ef66d546d1a1e24380b1363d2471986e9,true,false
FreshRSS/FreshRSS,p/themes/icons/label.svg,c9d0d20ef66d546d1a1e24380b1363d2471986e9,true,false
FreshRSS/FreshRSS,app/Models/UserQuery.php,ffd1061850d73182d40126658a0e9dd7f28f646e,true,true
GemsTracker/gemstracker-library,classes/Gems/Tracker/Engine/StepEngineAbstract.php,7ff31c0606a8294f9db1d0933911ed3f8fa3eded,true,false
GemsTracker/gemstracker-library,tests/classes/Gems/Communication/MailJobTest.php,7ff31c0606a8294f9db1d0933911ed3f8fa3eded,true,false
GlotPress/GlotPress-WP,gp-templates/glossary-import.php,5507638923c75ac2870e714d3a909b89e94462f2,true,false
GoogleChromeLabs/pwa-wp,tests/test-general-template.php,3206f03e6c45e053746eab827e89dd7e5820b322,true,false
GoogleChromeLabs/pwa-wp,wp-includes/general-template.php,3206f03e6c45e053746eab827e89dd7e5820b322,true,false
Icinga/icingaweb2,library/Icinga/Data/Filter/FilterChain.php,199ea6f965b958c7538a48cb0d1472cb2c7582f9,true,true
Icinga/icingaweb2,library/Icinga/Util/Json.php,340364ee9cc028b154932f107ae6df43b12a768a,true,false
Icinga/icingaweb2,public/js/icinga/loader.js,707775fe26ad36a090d0f7466a9079a61156db82,true,false
Icinga/icingaweb2,application/forms/PreferenceForm.php,dcb83d9ab5a494e6210f5fb2d94ad289e2d1201f,true,false
Icinga/icingaweb2-module-director,library/Director/Objects/IcingaServiceSet.php,11f621df30ad65b39f203863530189b15dc5174e,true,false
Icinga/icingaweb2-module-director,library/Director/DataType/DataTypeDatalist.php,67eb4c1e906b9021735d8d23437c355f7d94449a,true,false
InfotelGLPI/manufacturersimports,inc/config.class.php,60b80191cb71d735144060ef2c248b045d007f68,true,false
Karmabunny/sprout3,src/sprout/core/Kohana.php,a8c0fc28ee134daead0954871f41432e6c8c26e7,true,false
Lecturize/Laravel-Taxonomies,src/Traits/ModelFinder.php,f85e59e9b52727d240237593fa5b6c1975f71de6,false,true
LitusProject/Litus,module/TicketBundle/Hydrator/Event.php,6db1a2fb29f6af0417be5fb606ad4d3aa83e7005,true,false
LitusProject/Litus,module/BrBundle/Resources/layouts/corporate/partials/cv.twig,a09f57214c47f83f9aad09eb3c34529e51fb916a,true,false
MISP/MISP,app/files/scripts/stix2misp.py,15ce69dcc9a7627994d2fbb6ef8f246069b56491,true,false
MaharaProject/mahara,htdocs/module/framework/js/matrix.js,707bba07b1ca1290e6d1ba0ad53549d853333a26,true,false
MahjongPantheon/pantheon,Rheda/src/controllers/UserActionEventEdit.php,4981dd9466500af07cf95aa8ad3d20f287b7eea0,true,false
MinnPost/minnpost-largo,assets/css/liveblog.css,fb670e2ce4170aafeb3ba70d48cdd71cbf9bc322,false,true
MinnPost/minnpost-largo,assets/sass/liveblog.scss,fb670e2ce4170aafeb3ba70d48cdd71cbf9bc322,false,true
MinnPost/minnpost-largo,assets/sass/liveblog/01-liveblog-container.scss,fb670e2ce4170aafeb3ba70d48cdd71cbf9bc322,false,true
MinnPost/minnpost-largo,assets/sass/liveblog/02-liveblog-feed.scss,fb670e2ce4170aafeb3ba70d48cdd71cbf9bc322,false,true
MinnPost/minnpost-largo,assets/sass/liveblog/03-liveblog-entry.scss,fb670e2ce4170aafeb3ba70d48cdd71cbf9bc322,false,true
MinnPost/minnpost-largo,assets/sass/liveblog/04-liveblog-pagination.scss,fb670e2ce4170aafeb3ba70d48cdd71cbf9bc322,false,true
NamelessMC/Nameless,modules/Cookie Consent/classes/CookieConsent.php,187f6af2a04f1b9a95f06b6a668e589d113f3d41,true,false
NamelessMC/Nameless,custom/panel_templates/Default/core/hooks_edit.tpl,2a889fbe70528f78f0c43de4f123a0c7109d7f0b,true,false
NamelessMC/Nameless,custom/templates/DefaultRevamp/user/oauth.tpl,4d24db79b82c865aebca7fbf6f4416a5371ac93a,true,false
NamelessMC/Nameless,custom/panel_templates/Default/core/reactions_new.tpl,6603789eaca9eeb2568d3c9f83238e94470c628d,true,false
NamelessMC/Nameless,custom/templates/DefaultRevamp/navbar.tpl,9e726cd67116a5fc4bb7075cc47156ed78fb54b5,true,false
NamelessMC/Nameless,custom/templates/DefaultRevamp/forum/following_topics.tpl,f8097d8130d49f22cd4254bd2f3fad350c4f326f,true,false
NeoRazorX/facturascripts,Core/Base/AjaxForms/AccountingLineHTML.php,2df4b7ecc52f629bec0f37741af048c099e7d972,true,false
NeoRazorX/facturascripts,Core/Model/Subcuenta.php,482c5a82b4d79e7a19614f5a67dc24593046cefd,false,true
NeoRazorX/facturascripts,Core/Model/Base/Receipt.php,e8be71fe74dfd1a7cf0f3c296e5a86313c1783c8,true,false
NeoRazorX/facturascripts,Test/Core/Base/MiniLogTest.php,e8be71fe74dfd1a7cf0f3c296e5a86313c1783c8,true,false
NeoRazorX/facturascripts,Test/Core/Model/ReciboClienteTest.php,e8be71fe74dfd1a7cf0f3c296e5a86313c1783c8,true,false
NeoRazorX/facturascripts,Test/Core/Model/ReciboProveedorTest.php,e8be71fe74dfd1a7cf0f3c296e5a86313c1783c8,true,false
NeoRazorX/facturascripts,Test/Core/RandomDataTrait.php,e8be71fe74dfd1a7cf0f3c296e5a86313c1783c8,true,false
NeoRazorX/facturascripts,Core/Lib/ExtendedController/ListView.php,fad9cc6db891b8a408d2d326342c3481829d69ee,true,false
NeosIT/active-directory-integration2,classes/Adi/Authentication/SingleSignOn/Service.php,adaebe6ff64314fd0da0b697c3d180f4dd6d5666,true,false
NeosIT/active-directory-integration2,test/Adi/Authentication/SingleSignOn/ServiceTest.php,adaebe6ff64314fd0da0b697c3d180f4dd6d5666,true,false
Octopoos/SEBLOD,plugins/search/cck/cck.php,5167105cec2b6bb96cd06c0aa9409bb5e5451fb9,true,false
Oinosseus/acswui,http/classes/Parameter/ParamFloat.php,a6fab3d6d6e2e59ffaccb5496d4e58cf67371c1a,true,false
OpenConext/OpenConext-profile,src/Kernel.php,3a5cb2f8ea36b9918cbd9cb692ec53b8b7e179c7,true,false
PHPBoost/PHPBoost,templates/__default__/framework/builder/form/fieldelements/FormFieldShortMultiLineTextEditor.tpl,0664573cd58fd2ed81eefd3bef4419acee641a72,true,false
PHPBoost/PHPBoost,gallery/templates/gallery.tpl,0de189b896f1f913caeb57e7881ec828dfc0ce90,true,false
PHPBoost/PHPBoost,faq/controllers/ajax/FaqAjaxDeleteItemController.class.php,6e77607aafb69edd15c378be3fe215a903f22967,true,false
PHPBoost/PHPBoost,sitemap/index.php,863958d5d08328eacec8c7eebd49e7c0b36e922f,true,false
PHPBoost/PHPBoost,kernel/framework/ajax/controllers/AjaxSearchUserAutoCompleteController.class.php,8709e220082ca3c416fd59050d270e615f475d2f,true,false
PHPBoost/PHPBoost,bugtracker/services/BugtrackerItem.class.php,da8e2944667100771469d2b81aa344709205ebb8,true,false
PHPBoost/PHPBoost,faq/controllers/FaqDeleteItemController.class.php,e13fca605f5eb667479d6fa0ffcae4cd805aa8a7,true,false
PHPMailer/PHPMailer,src/PHPMailer.php,bf99c202a92daa6d847bc346d554a4727fd802a5,true,false
PHPMailer/PHPMailer,test/PHPMailer/PHPMailerTest.php,bf99c202a92daa6d847bc346d554a4727fd802a5,true,false
RSS-Bridge/rss-bridge,tests/samples/expectedAtomFormat/feed.emptyItems.xml,158ee41be4cd594cc14431359e889419edf9179b,false,true
RSS-Bridge/rss-bridge,bridges/AppleAppStoreBridge.php,2eaf48de993e8c77e182dde4f73921fd44803ea8,true,false
RSS-Bridge/rss-bridge,bridges/RadioMelodieBridge.php,37843e8777cafd6f7ce16dd233f078d6525bc1f2,true,false
RSS-Bridge/rss-bridge,bridges/NFLRUSBridge.php,563c099d80abf86d65260d2e853231f692efedb4,true,false
RSS-Bridge/rss-bridge,bridges/ParuVenduImmoBridge.php,57c8806954c570609db082a061b7b4d135cfe26f,true,false
RSS-Bridge/rss-bridge,bridges/UsbekEtRicaBridge.php,5b7dd45b20882cd2a9e6a80f7e18a0eedb717deb,true,false
RSS-Bridge/rss-bridge,bridges/GettrBridge.php,76084cdccae8de22d67601caee542eaf1f022b3c,true,false
RSS-Bridge/rss-bridge,docs/10_Bridge_Specific/TwitterV2.md,780581939a883b80b3f6db01ac43e09b83e0e795,true,true
RSS-Bridge/rss-bridge,bridges/YouTubeCommunityTabBridge.php,7a87a09fc54d8baf0d71e1183ebcba5747ac681d,true,false
RSS-Bridge/rss-bridge,bridges/WordPressPluginUpdateBridge.php,7b168a29f05bf06a95314db9b37fdc15973f1085,true,false
RSS-Bridge/rss-bridge,docs/08_Format_API/03_FormatAbstract.md,8982995445bb04ee164979ab5bcd1bd48f46ca4f,false,true
RSS-Bridge/rss-bridge,lib/FormatAbstract.php,8982995445bb04ee164979ab5bcd1bd48f46ca4f,false,true
RSS-Bridge/rss-bridge,bridges/GatesNotesBridge.php,8c18c02c65042add22ef783e0f52a0483f3ffcb3,true,false
RSS-Bridge/rss-bridge,bridges/AmazonBridge.php,9e2e32a19dde52f650faba05e2b5639669c789fb,true,false
RSS-Bridge/rss-bridge,bridges/N26Bridge.php,b6e8e3ea6e219d93b025d790f3c8a4632d4c59be,true,false
RSS-Bridge/rss-bridge,bridges/CastorusBridge.php,bb81af086fe4ab3f89353a38589fc06a97eb88d8,true,false
RSS-Bridge/rss-bridge,bridges/DeveloppezDotComBridge.php,bc773a49f86c233bd7aa146135d601518245bb77,false,true
RSS-Bridge/rss-bridge,bridges/SeznamZpravyBridge.php,d082bfca4a2b97246cffe40fbb029f94c21480a2,true,false
RSS-Bridge/rss-bridge,bridges/TelegramBridge.php,d98add2cacba353dd3e92b0c84d9769d826696a1,true,false
RSS-Bridge/rss-bridge,formats/HtmlFormat.php,dc01891634c73d430e44ae54b58a4e5765e8ee78,true,false
RSS-Bridge/rss-bridge,bridges/LaCentraleBridge.php,df5c25937524cc8c455d25f41c9b559430a94b39,true,false
RSS-Bridge/rss-bridge,bridges/AmazonPriceTrackerBridge.php,e1e9a12440be621417dde4cdf1c96613e3f84a65,true,false
RSS-Bridge/rss-bridge,bridges/RoadAndTrackBridge.php,f9801a5c58148879a6b5ebdab3115bc3494e4341,true,false
RSS-Bridge/rss-bridge,bridges/ParksOnTheAirBridge.php,fb0e7ede8942abe74577f9e222598c10bd192da6,true,false
RamonSilva20/mapos,application/models/Mapos_model.php,27ef26bc58aa35ab08844824698942d12820c649,true,false
RichardTMiles/CarbonPHP,.idea/git_toolbox_prj.xml,d0005933a5a0b1277ce3dbdc52515190c9589119,true,false
RichardTMiles/CarbonPHP,CarbonPHP.iml,d0005933a5a0b1277ce3dbdc52515190c9589119,true,false
SocialiteProviders/Providers,src/Mailru/Provider.php,130425e4876285cc80e959dc2c6e56e8d5dd47d2,true,false
SocialiteProviders/Providers,src/Microsoft/MicrosoftUser.php,da0a03d30befadd9553c19dbae2463bc692863df,true,false
SplashSync/Php-Core,Models/Objects/Quotation/Status.php,03ba41c1b3bf3dbe8181ba812d9eb35ad0796fe9,false,true
TYPO3/testing-framework,Classes/Core/Functional/Framework/Frontend/InternalRequest.php,1d5bef0870b218f213761619c3d0ee47631f5fae,false,true
TeknooSoftware/states,tests/Support/Article/Article/BadArticleClass.php,bcf2fe1d1d270619a2c93114b4150a7383893675,true,false
TeknooSoftware/states,tests/Support/Article/Article/Published.php,bcf2fe1d1d270619a2c93114b4150a7383893675,true,false
WBCE/WBCE_CMS,wbce/framework/class.database.php,44a90bb24c18c1987ae5d62945928bb4b9d39523,true,false
WBCE/WBCE_CMS,wbce/admin/interface/timezones.php,d2ba79697a90a79ca29f9afdba7d6c5b60dee05c,true,false
WoltLab/WCF,wcfsetup/install/files/lib/system/user/notification/object/type/TMultiRecipientModerationQueueCommentUserNotificationObjectType.class.php,1761fa6eb7d579a26c0356e2ac99222122d9b407,true,false
WoltLab/WCF,wcfsetup/install/files/lib/data/article/content/ArticleContent.class.php,2eed4ca49c617c9c3cce0175f4bf2a8277d60c2a,true,false
WoltLab/WCF,wcfsetup/install/files/lib/data/page/PageAction.class.php,dcf3906f440140c48fe2f12861ba048500f7b2bb,true,false
YesWiki/yeswiki,tools/contact/handlers/page/mail.php,1b165be895bd157ea66e2f7af22fe6b56200a9c2,true,false
YesWiki/yeswiki,includes/services/Mailer.php,7759e8434f93678354e286590b07a9e371b916ca,true,false
YesWiki/yeswiki,tools/bazar/fields/DateField.php,8b25b9362ab07b67f34800a006e1d131a571b6dc,true,false
YesWiki/yeswiki,tools/bazar/controllers/EntryController.php,9d812921e59855220923aa24a297b12d1b757c32,true,false
YesWiki/yeswiki,tools/bazar/services/FormManager.php,bd9eeabfd3b4eee9f2176858ab9ffdd3d093bf3a,true,false
YesWiki/yeswiki,includes/urlutils.inc.php,c6135ee6c65e0255a4b4d1a119175c33cabbcdb0,true,true
YesWiki/yeswiki,includes/services/DbService.php,ed24847c94f8b9626aa5b22d7a86b9bd5448a1c8,true,false
acquia/blt,scripts/blt/ci/internal/ci.yml,6646f456bab7ab7d0dd37609c6399afd99dbd579,true,true
acquia/blt,src/Robo/Commands/Blt/UpdateCommand.php,6646f456bab7ab7d0dd37609c6399afd99dbd579,true,true
aimeos/ai-admin-jqadm,templates/admin/jqadm/settings/item.php,34345c1150944b347ccb8d18a0b1b250afef1bd5,false,true
aimeos/ai-admin-jqadm,templates/admin/jqadm/catalog/item.php,bd04c3ddc8a175fb634aa9225ef7d1e2c37aa44d,false,true
aimeos/ai-admin-jqadm,config/admin/jqadm/resource.php,c8c2cff4754cf3073c09fd247c50222fe36cb739,true,false
aimeos/ai-client-html,src/Client/Html/Catalog/Session/Seen/Standard.php,19f8721d8403b1f67b17a1ab20e78df5cd4f6d3a,true,true
aimeos/ai-client-html,themes/client/html/default/catalog-lists.js,6dd349c22be0a1e26ac738c9362d0a001756b039,true,false
aimeos/ai-client-html,themes/client/html/default/catalog-home.css,71019c6be1bfaf9513e6890eb97acbfb70fa7272,false,true
aimeos/ai-client-html,src/Client/Html/Catalog/Price/Factory.php,891091b580dafe904d0266374b4e88f8da21c076,true,false
aimeos/ai-client-html,src/Client/Html/Checkout/Confirm/Standard.php,aebcbcac37e7a94b5028352c46d2daf2a93a1f09,true,false
aimeos/ai-client-html,templates/client/html/catalog/lists/items.php,c9aae535a064fae9ba55a7b2ec356cd122718a83,true,false
aimeos/ai-client-html,templates/client/html/common/partials/price.php,d99d409426411a5b852c519310344d9530be99c5,true,false
aimeos/aimeos-laravel,src/Aimeos/Shop/Base/Context.php,8040f3bc39fe32717e9761b05ddb3dfdbc7f6765,false,true
akaunting/akaunting,app/Jobs/Common/CreateDashboard.php,77af143dd6a6cc68c1bd831803ee811b4017d873,true,false
akrherz/iem,htdocs/onsite/features/vote.py,3aaae4eac2d634ae736e80f207eee6b95515d273,true,false
akrherz/iem,htdocs/plotting/auto/scripts200/p201.py,d20830d1872888225cac26674f3834ec0651f03d,false,true
akrherz/iem,scripts/webalizer/processlogs.sh,d80a96884607202d5931cce7f5e0ec8829023c99,true,false
albertobeta/PodcastGenerator,PodcastGenerator/admin/pg_users.php,b7cd51a462c1b2afc640ee8ee84b95346108452c,true,false
auth0/auth0-PHP,tests/Utilities/TokenGenerator.php,4bca039e958abd4c8b552c0d38fa084ac00e7372,false,true
auth0/laravel-auth0,src/Traits/ActingAsAuth0User.php,19ba72c57c7562894d1833c475e1a17531de4726,true,false
autowp/autowp,module/Application/src/Model/CarOfDay.php,839e02f15219502ffca3f4b4f2fac7ae1edab71d,true,false
autowp/autowp,module/Application/src/Controller/Api/ItemController.php,d6d616a46d860f471a13865f54bf3307af97e663,false,true
aws/aws-sdk-php,src/MultiRegionClient.php,1244f6971e9f9529f858f8a89d2290d8745c498a,true,false
aws/aws-sdk-php,tests/MultiRegionClientTest.php,1244f6971e9f9529f858f8a89d2290d8745c498a,true,false
aws/aws-sdk-php,build/build-service.php,5e3f7691ae2fb636c1ac4a7bd220257a9d110a4c,true,false
aws/aws-sdk-php,src/TraceMiddleware.php,ef9ccd3a1fe79d37cf4b9f738a48959f4d034761,true,false
bamyers99/Bambots,src/cli/InceptionBot.php,9f888ddcdb34a6a6f477ea677b24fa7f8b380a0b,true,false
barryvdh/laravel-debugbar,src/ServiceProvider.php,e7c3f56e54258d5e2939e68d453ce9db0c086406,true,false
barryvdh/laravel-ide-helper,.github/workflows/run-integration-tests.yml,6a461a7c476fa4509adb86b99aa44b5ac49c699f,true,true
barryvdh/laravel-ide-helper,src/Console/MetaCommand.php,6a461a7c476fa4509adb86b99aa44b5ac49c699f,true,true
bearcms/bearframework-addon,classes/BearCMS.php,0f8eea0f1cf0d8f0c347cb5b9e9fbd3974074143,false,true
benjaminkott/bootstrap_package,Configuration/TCA/tx_bootstrappackage_carousel_item.php,318e2c4a642dab978daaa489f5b6e24481226729,true,false
benjaminkott/bootstrap_package,Classes/Backend/ToolbarItem/VersionToolbarItem.php,abfe2d9deb22140e657a1c3c362209f0e7e22c67,true,false
bjverde/formDin,base/classes/webform/TNumber.class.php,f16000980a8ad606a4ebe0f4ac2d85f1ef732314,true,true
blindsidenetworks/moodle-mod_bigbluebuttonbn,classes/output/recordings_session.php,6de019712b580782a528cc220f3f2a2f2f0de78d,true,true
bobbingwide/oik,shortcodes/oik-follow.php,789b32a002f1e1a767305ac01be38bba18d5a4f7,true,false
bobthecow/psysh,.github/bin/smoketest.sh,0b21d52a048b71cb69b04fa29ba5453eb89a43c7,false,true
bobthecow/psysh,.github/workflows/deps.yml,0b21d52a048b71cb69b04fa29ba5453eb89a43c7,false,true
bobthecow/psysh,.github/workflows/release.yml,0b21d52a048b71cb69b04fa29ba5453eb89a43c7,false,true
bobthecow/psysh,.github/workflows/tests.yml,0b21d52a048b71cb69b04fa29ba5453eb89a43c7,false,true
bobthecow/psysh,.phan/config.php,0b21d52a048b71cb69b04fa29ba5453eb89a43c7,false,true
brainworxx/kreXX,tests/Unit/View/MessagesTest.php,41c1cf79aaf16d6548da42f51785bcc6612da703,false,true
brainworxx/kreXX,config/Krexx.json.example,b8a90b7e6cc50380169d930f7da722bef98433a2,true,false
brainworxx/kreXX,tests/Helpers/ConfigSupplier.php,b8a90b7e6cc50380169d930f7da722bef98433a2,true,false
brainworxx/kreXX-TYPO3-Extension,Tests/Unit/Plugins/Typo3/EventHandlers/QueryParser/Typo3DbQueryParserTest.php,1ba7c78e48a17bb7838ef5857c1ce0fbdd6ab4dc,true,false
camdram/camdram,src/Acts/CamdramBundle/Entity/Performance.php,a9fa8975aa382ce96634c72c3451c8a1f585f285,true,false
camdram/camdram,tests/CamdramBundle/Controller/DiaryControllerTest.php,a9fa8975aa382ce96634c72c3451c8a1f585f285,true,false
catfan/Medoo,tests/QueryTest.php,00ea59dd7be5a3d57cec550efe82ce543f8fb649,true,false
centreon/centreon,webpack.config.dev.js,11923fb3c9bc9683252cca4de16749ae6130c6a2,false,true
centreon/centreon,www/include/options/accessLists/resourcesACL/DB-Func.php,13aa76299b66163487050c2b2596d6ed70994a9c,true,false
centreon/centreon,src/Centreon/Infrastructure/Icon/IconRepositoryRDB.php,15662ad4e31e242d0851150f5a9090b5134729b0,true,false
centreon/centreon,ci/debian/extra/centreon-web/install.conf.php,1d180f3a14d945982cd17e6cb96019364a5c8b4e,true,false
centreon/centreon,www/class/centreonWidget/Params/Connector/Poller.class.php,236518c8f319e3c6d4e83f95d4b1b70ce40ca4a9,true,false
centreon/centreon,www/front_src/src/Resources/Details/tabs/Details/storedDetailsCards.ts,2477f2f93fe4d55b4765db22cd661d08a777f0ad,true,true
centreon/centreon,www/class/centreon-partition/partEngine.class.php,47dd0f002edd5657265789a1fb53e1e45bb04047,true,false
centreon/centreon,lib/perl/centreon/script.pm,54a5709ff38702c0f00303145c0cb40f42c09064,true,false
centreon/centreon,src/Centreon/Domain/Log/LegacyLogger.php,5b6af71279a66decad3c90900086fb64bca7298a,true,true
centreon/centreon,www/install/php/Update-22.04.0.php,792b4d527365381e548d296b489bb1580fc5a858,false,true
centreon/centreon,www/include/configuration/configObject/meta_service/DB-Func.php,7ef1cca8537df480f07e11ea14e96b26230f1728,true,false
centreon/centreon,tests/php/Core/Infrastructure/Security/ProviderConfiguration/Local/Api/UpdateConfiguration/UpdateConfigurationControllerTest.php,8b29a7b9c97e105e499280e1df0ae90974935ff9,true,true
centreon/centreon,src/Centreon/Infrastructure/HostConfiguration/Repository/Model/HostTemplateFactoryRdb.php,a5bcb3572e69fd282a98a3485b51a833352755e2,true,false
centreon/centreon,www/class/centreonLDAP.class.php,b01d2f2987fdcd83d0095f9538b5b500601e714d,true,true
centreon/centreon,www/include/monitoring/objectDetails/hostDetails.php,b0c4885844c443c0402803ff422af9ebb183d4ad,true,false
centreon/centreon,www/include/monitoring/objectDetails/template/hostDetails.ihtml,b0c4885844c443c0402803ff422af9ebb183d4ad,true,false
centreon/centreon,www/include/configuration/configGenerate/common-Func.php,c700a79c7beaf4a5464539ef59a2796a340b4d12,true,false
centreon/centreon,src/Core/Infrastructure/Security/Repository/DbWriteTokenRepository.php,ce8f02b4a2dc8c3aaf68eb9f730e5c53743d54b1,true,false
centreon/centreon,tests/rest_api/realtime_rest_api.postman_collection.json,d74acebe2a18b0122094bf8ccbe18c349d693ec6,true,false
centreon/centreon,www/api/class/centreon_realtime_services.class.php,d74acebe2a18b0122094bf8ccbe18c349d693ec6,true,false
centreon/centreon,www/install/steps/process/createDbUser.php,d9dbf19a38f857a761ff5db3091ee925a3a33403,true,false
centreon/centreon,src/Centreon/Application/Controller/AuthenticationController.php,e8a46db93500913c8bbc526ccf165d357866c133,true,false
chindit/DadaPictures,config/packages/sentry.yaml,11e7f131be951a6d203dfc1c8af72091ce21cc01,true,false
christianwach/civicrm-wp-profile-sync,assets/templates/civicrm/cwps-acf-contact-type-cpt.tpl,935b908813a4070561f6b59f4815c604f84a8a7b,true,false
commsy/commsy,config/packages/fos_elastica.yaml,dbd7f450e6ae0893e10e27084b743926c3fc1ecb,true,false
commsy/commsy,config/packages/test/fos_elastica.yaml,dbd7f450e6ae0893e10e27084b743926c3fc1ecb,true,false
commsy/commsy,src/Search/Transformer/ElasticaToModelTransformerCollection.php,dbd7f450e6ae0893e10e27084b743926c3fc1ecb,true,false
commsy/commsy,legacy/classes/cs_user_manager.php,e1014770e4e0ca163be73d38a96f2fbd39c930b9,false,true
composer/composer,src/Composer/Command/RequireCommand.php,1b81b540252c3cff9a5a995636580a2e3c103ab1,true,false
composer/composer,src/Composer/Repository/Vcs/GitBitbucketDriver.php,1f6f4a786e764813be85b2da2594f2be5153d6a0,false,true
composer/composer,src/Composer/Json/JsonFormatter.php,b2006fbe9c31821edd6b169f5b72ed60bfceab6e,false,true
composer/composer,src/Composer/Repository/Vcs/SvnDriver.php,cac2d076b1d92be641ddb6a0476a37ddd57f4ee9,true,false
composer/composer,bin/composer,e0cce2bfb00c8c828f2a70a8beb4db4fc7f60888,true,false
composer/composer,tests/Composer/Test/Autoload/Fixtures/autoload_functions.php,e0cce2bfb00c8c828f2a70a8beb4db4fc7f60888,true,false
composer/composer,tests/Composer/Test/Autoload/Fixtures/autoload_functions_by_dependency.php,e0cce2bfb00c8c828f2a70a8beb4db4fc7f60888,true,false
composer/composer,tests/Composer/Test/Autoload/Fixtures/autoload_real_files_by_dependency.php,e0cce2bfb00c8c828f2a70a8beb4db4fc7f60888,true,false
composer/composer,tests/Composer/Test/Autoload/Fixtures/autoload_real_functions.php,e0cce2bfb00c8c828f2a70a8beb4db4fc7f60888,true,false
composer/composer,tests/Composer/Test/Autoload/Fixtures/autoload_real_functions_with_include_paths.php,e0cce2bfb00c8c828f2a70a8beb4db4fc7f60888,true,false
composer/composer,tests/Composer/Test/Autoload/Fixtures/autoload_real_functions_with_removed_include_paths_and_autolad_files.php,e0cce2bfb00c8c828f2a70a8beb4db4fc7f60888,true,false
composer/composer,tests/Composer/Test/Autoload/Fixtures/autoload_real_include_path.php,e0cce2bfb00c8c828f2a70a8beb4db4fc7f60888,true,false
composer/composer,tests/Composer/Test/Autoload/Fixtures/autoload_real_target_dir.php,e0cce2bfb00c8c828f2a70a8beb4db4fc7f60888,true,false
composer/composer,tests/Composer/Test/Autoload/Fixtures/autoload_target_dir.php,e0cce2bfb00c8c828f2a70a8beb4db4fc7f60888,true,false
composer/composer,tests/Composer/Test/Package/Loader/ValidatingArrayLoaderTest.php,f1f013edde6528e58a47dfd94af527f5b9af801c,true,false
composer/packagist,src/Search/Query.php,699c69d32f770b37b46469805e8ba9eb2ba6de6f,true,false
cosmocode/dokuwiki-plugin-struct,script/AggregationEditor.js,20210e7c7e5e3b8d623e8f1a246c4ca978911afa,true,false
cosmocode/dokuwiki-plugin-struct,_test/Bureaucracy.test.php,25708572e76a1650aff45e188917050fa5c9e4d8,true,false
cosmocode/dokuwiki-plugin-struct,action/bureaucracy.php,25708572e76a1650aff45e188917050fa5c9e4d8,true,false
cosnics/cosnics,src/Chamilo/Core/Repository/ContentObject/Assignment/Integration/Chamilo/Core/Repository/ContentObject/LearningPath/Display/Embedder.php,3ea4be632b8d7002bfed1ddcc6e80b4fe523e1a0,true,true
danog/MadelineProto,src/danog/MadelineProto/MTProtoTools/Files.php,20cca0b5bd3e9a56883d42a3655809d706c827f4,true,false
danog/MadelineProto,src/danog/MadelineProto/MTProtoSession/CallHandler.php,fc4880c1927a08512d8b2b00af2958c9170cc187,true,false
daverodal/wargaming,package-lock.json,c4d4b28f556c4901c8924fd51b9db6aed4954dc6,true,false
daverodal/wargaming,package.json,c4d4b28f556c4901c8924fd51b9db6aed4954dc6,true,false
deployphp/deployer,recipe/deploy/update_code.php,fe3874370b9204ec5a0a428f2f64a16dbba478b6,true,false
devcode-it/openstamanager,modules/contratti/variables.php,13d775f90b281a501f74eff8dace1ff2cbc12e5a,true,false
devcode-it/openstamanager,modules/articoli/src/Articolo.php,558570523d5d2ae7ec8fa7f7142b85440c786b88,true,false
devcode-it/openstamanager,modules/fatture/crea_documento.php,598541be1ed5eecd19d64fef4af08ac70d983292,true,false
devcode-it/openstamanager,plugins/registrazioni/edit.php,9295eae151990625aec383ecc0e386f5555200a5,true,false
devcode-it/openstamanager,plugins/importFE/buttons.php,a320b680e929afae899cc2ece762038b9bad40e1,true,false
devcode-it/openstamanager,modules/articoli/ajax/complete.php,c623b9ff591d59320114e0c9bdbce910cf6ea34a,true,false
devcode-it/openstamanager,modules/liste_newsletter/src/Lista.php,c8ed7d874fb3f30d2b6459d1ba1861d5afbe99c7,true,false
devcode-it/openstamanager,modules/causali/actions.php,c90c303742fe08685d2acad9c126f913e1fb5127,true,false
devcode-it/openstamanager,include/common/importa.php,cce6ee49590099fefc86955dc1760ddd85a3dd51,true,false
devcode-it/openstamanager,modules/fatture/src/Gestori/Movimenti.php,cefbec3bdbf20f2aa185ff0616db94580d82ec4f,true,false
devcode-it/openstamanager,plugins/pianificazione_fatturazione/actions.php,f5f076b2d2adb4905d734d720e7ca70480f7fb4a,true,false
dimaninc/di_core,php/admin/controllers/diListController.php,1c0bc3649fa33a63e9bc74af6252e21fe5ad6ce9,true,false
dimaninc/di_core,php/src/diCore/Entity/AdminTableEditLog/Model.php,699879376df8917a8a26370112b994958e575744,true,false
dimaninc/di_core,php/src/diCore/Admin/Base.php,e480de452e5ab41135bdf843e583d6965a67e52b,true,false
dompdf/dompdf,tests/LayoutTest/ImageTest.php,206c54fe885db4c4778613f4caf9103e54d42a6b,true,false
dompdf/dompdf,tests/LayoutTest/PageTest.php,206c54fe885db4c4778613f4caf9103e54d42a6b,true,false
dompdf/dompdf,src/FrameReflower/Inline.php,558db4f08b5f3c91a237d4c5630cbd15cc7b863c,true,false
dompdf/dompdf,lib/fonts/installed-fonts.dist.json,e73e099d6ce5a418c15c354892eb66218209b5c5,false,true
drupal-code-builder/drupal-code-builder,Generator/EntityForm.php,13508c58338c78ceae26d57b3ee0e7a1505dc861,true,false
drupal-code-builder/drupal-code-builder,Test/Unit/ComponentContentEntityType8Test.php,13508c58338c78ceae26d57b3ee0e7a1505dc861,true,false
drupalwxt/wxt,modules/custom/wxt_core/src/Plugin/Field/FieldFormatter/Lightbox.php,4a2e24e6f208415a2535926c6192590280904638,true,false
e-commit/EcommitCrudBundle,src/DependencyInjection/Compiler/FiltersPass.php,352595f864e8e255ba05f9e178b228632c842cda,false,true
e-commit/EcommitCrudBundle,tests/DependencyInjection/EcommitCrudExtensionTest.php,352595f864e8e255ba05f9e178b228632c842cda,false,true
elabftw/elabftw,tests/unit/models/TeamGroupsTest.php,07a2096645550855beeeb77451b54ac85876a6c5,true,true
elabftw/elabftw,src/services/Tex2Svg.php,4adddda12df4e0d0503bb562a288249736d21389,true,false
elabftw/elabftw,tests/unit/services/Tex2SvgTest.php,4adddda12df4e0d0503bb562a288249736d21389,true,false
elabftw/elabftw,src/templates/profile.html,4f2a7dc473dc4a380976faaadd903a1366d4eecb,true,false
elabftw/elabftw,web/profile.php,4f2a7dc473dc4a380976faaadd903a1366d4eecb,true,false
elabftw/elabftw,src/sql/schema82.sql,db3113138eba1b3e094fa7f189891f3ed1922962,true,false
elabftw/elabftw,src/templates/show.html,dea35cce55650bb20f7e6c3a1c2bf57b383b02ac,true,false
elabftw/elabftw,src/ts/show.ts,dea35cce55650bb20f7e6c3a1c2bf57b383b02ac,true,false
elabftw/elabftw,src/templates/show-templates-view.html,f286ffd2d687841b99e21c280843cce0244ee1f7,true,false
engelsystem/engelsystem,db/migrations/2020_11_20_000000_add_name_minutes_and_timestamps_to_schedules.php,09babc596bee0561912a8fe9da30f6febd881c3f,true,false
engelsystem/engelsystem,tests/Feature/Model/LogEntryTest.php,09babc596bee0561912a8fe9da30f6febd881c3f,true,false
engelsystem/engelsystem,config/config.default.php,25e28535d0270c13b88532541681c95e95cee692,true,false
engelsystem/engelsystem,resources/assets/themes/theme7.scss,25e28535d0270c13b88532541681c95e95cee692,true,false
engelsystem/engelsystem,src/Controllers/Metrics/MetricsEngine.php,d690d64d0e8737bc051fe42f2d661effc82dac82,true,false
engelsystem/engelsystem,tests/Unit/Controllers/Metrics/MetricsEngineTest.php,d690d64d0e8737bc051fe42f2d661effc82dac82,true,false
enhavo/enhavo,src/App/Migration/Version20220506075112.php,76038112c9ebd64d1ad4bacc93c1df4c82952ebf,true,false
enhavo/enhavo,src/Enhavo/Bundle/AppBundle/Filter/FilterQuery.php,9b11c65442ea44de7dce64fd6a273a1ae4812df3,true,false
espocrm/espocrm,application/Espo/Core/Utils/Config.php,2281d982f2875b047086c91630b1b9c8e358b274,true,false
espocrm/espocrm,application/Espo/Core/Utils/Autoload/NamespaceLoader.php,31a507cd4ab9073ecb9617b2048031335ffb0174,true,false
espocrm/espocrm,application/Espo/Classes/Select/Email/TextFilter.php,79793ebff6735df8e14427274fc8aad3292247f3,true,false
espocrm/espocrm,application/Espo/Modules/Crm/Business/Event/Invitations.php,7c04febb3b5a9fa8e54c388a02b44365c4e11ad9,true,false
espocrm/espocrm,application/Espo/Modules/Crm/Hooks/Contact/Opportunities.php,836ffff49fe806adab26000e327bd717912abd1f,true,false
espocrm/espocrm,application/Espo/Core/Console/Commands/Upgrade.php,b695d7c148dad84e41648b168f627fccc5a59081,true,false
espocrm/espocrm,js/diff.js,cb431a03df8aeb5e2c5e1cfc30281f0977d7cab5,true,false
espocrm/espocrm,application/Espo/Core/Authentication/Logins/LDAP.php,cca561f2c39ef0015e314be25e9f7e80e313cff7,true,false
espocrm/espocrm,application/Espo/Core/Mail/Account/FetchData.php,e73ba5c7344db7f557c49e29892855413c8d4413,true,false
espocrm/espocrm,application/Espo/ORM/Query/SelectingBuilderTrait.php,ea8c4d348db6bd6530af744bfc10f6b2cf631963,true,false
espocrm/espocrm,client/src/views/fields/colorpicker.js,f3d2616afb84374c6d917a36efad4b5234da3c54,false,true
esprange/kleistad,includes/class-losartikel.php,54d915bcb4ed9f7ee1768b3f9d43450020475bba,true,false
esprange/kleistad,public/class-public-contact-display.php,750a33d8eef56bcb7defe3c81daaeda6ff980fb5,true,false
esprange/kleistad,Gruntfile.js,ac8a6805a941b42b5c6837b8462aa0bb7d64a0f7,false,true
esprange/kleistad,includes/class-ontvangen.php,e92fa14c7c784fdd3906aa24a537ac7ed4d4945a,true,false
etraxis/etraxis,templates/settings/tab-profile.js,137a8e9dd23e26f7e3842079251979bff4ff14aa,false,true
etraxis/etraxis,src/Controller/DefaultPublicController.php,b91bea5ed2ed47f1ca7c32d873c6d46050c49539,true,false
etraxis/etraxis,tests/Controller/DefaultPublicControllerTest.php,b91bea5ed2ed47f1ca7c32d873c6d46050c49539,true,false
fetus-hina/stat.ink,commands/i18n/GearNameTrait.php,4a65fc9a79f22695ed3c987b9a8258c6dceadc87,true,false
fetus-hina/stat.ink,config/web/asset-manager.php,6b6e3c2ba9fb9b477527139b41a44e7cbf7634e7,true,false
fossology/fossology,src/pkgagent/ui/agent-pkgagent.php,c973ae7d88f332aa1c3b13ff0415dc90105ff565,true,false
futtta/autoptimize,classes/autoptimizeMetabox.php,0a925fa77f9985a875e9e9966eef80bb73942bab,true,false
futtta/autoptimize,classes/static/exit-survey/exit-survey.css,26c32415ad39a21c0e297c02358baacf1f725495,false,true
futtta/autoptimize,classes/autoptimizeCriticalCSSBase.php,77fded8d0b150c9bd214937ab344a13a9e352af1,true,false
geminorum/geditorial,includes/Modules/Event/Event.php,7cdd496d8370e5cb2a8ac03ed2a9d8af2c211ebc,false,true
geminorum/gnetwork,includes/Modules/Blog.php,515935036d62f0b31ba653024c26fa12d0b62754,false,true
geoff-maddock/events-tracker,resources/views/errors/404.blade.php,13718919da9d7025d2e294b38008c146bafaf3c0,true,false
geoff-maddock/events-tracker,app/Http/Requests/ContactRequest.php,5cd89f011d8e70ae0e5bfc2d20a33049d4826b53,true,false
geoff-maddock/events-tracker,resources/views/links/edit.blade.php,6a6dc0022637e0792c071aa63e0658f353971ec6,true,false
geoff-maddock/events-tracker,app/Models/Series.php,e3ae3affa8e7aacd97c626adbafd35a850b8ca94,true,false
getgrav/grav,system/src/Grav/Common/Page/Medium/ImageMedium.php,a7a9b5d1324cbb7451de0eed0c1c589025da5d98,true,false
getgrav/grav-plugin-login,CHANGELOG.md,b873dd50c66d15151e44fde56a79cfc16ba38bd3,false,true
getgrav/grav-plugin-login,classes/Controller.php,b873dd50c66d15151e44fde56a79cfc16ba38bd3,false,true
getk2/k2,administrator/language/en-GB/en-GB.mod_k2_quickicons.ini,cb2c6e6ef5b57da06d3f9d59fcd9ae6c1c8e3d07,false,true
getk2/k2,administrator/modules/mod_k2_quickicons/tmpl/default.php,cb2c6e6ef5b57da06d3f9d59fcd9ae6c1c8e3d07,false,true
glpi-project/glpi,install/migrations/update_10.0.0_to_10.0.1/rename_itemtypes.php,aecc75a5d8fc83e79f6e16fa9b1c020b398232a5,true,true
googleapis/google-api-php-client-services,generator/src/googleapis/codegen/php_generator.py,023adea7d3c861e656618495a52725301feb944c,true,false
googleapis/google-api-php-client-services,generator/tests/testdata/golden/php/default/kitchen_sink.golden,023adea7d3c861e656618495a52725301feb944c,true,false
googleapis/google-api-php-client-services,generator/tests/testdata/golden_discovery/kitchen_sink.json,023adea7d3c861e656618495a52725301feb944c,true,false
googleapis/google-cloud-php,Core/src/Exception/ServiceException.php,1c72476cd1132fd1ec856ac2cfeedbfba08206ca,true,false
googleapis/google-cloud-php,Core/src/Testing/KeyPairGenerateTrait.php,2c5a2e128c5496242523904ebbd91d05a87f1389,true,false
googleapis/google-cloud-php,Storage/src/EncryptionTrait.php,2c5a2e128c5496242523904ebbd91d05a87f1389,true,false
googleapis/google-cloud-php,Spanner/src/Backup.php,88a39df4aefca7a7eca8073e05beacd8aa467e87,true,false
googleapis/google-cloud-php,BigQueryDataTransfer/metadata/V1/Transfer.php,9759c6220b48c52760531128cbd57853c2a693c2,false,true
googleapis/google-cloud-php,SqlAdmin/src/V1beta4/DatabaseInstance/SqlScheduledMaintenance.php,cb245f3a14c9a384b17c845ba90cb81868eaf11a,true,false
googleapis/google-cloud-php,Channel/metadata/V1/Service.php,cd5d118dbb8f4007ef5efd48092a01abd4e0a0af,true,false
googleapis/google-cloud-php,.kokoro/continuous/php72.cfg,edce5c0296a0e8308b00a29376ad63a11f5472e4,true,false
googleapis/google-cloud-php,.kokoro/continuous/php74.cfg,edce5c0296a0e8308b00a29376ad63a11f5472e4,true,false
googleapis/google-cloud-php,.kokoro/presubmit/php74.cfg,edce5c0296a0e8308b00a29376ad63a11f5472e4,true,false
googleapis/google-cloud-php,Core/src/Batch/BatchTrait.php,edce5c0296a0e8308b00a29376ad63a11f5472e4,true,false
googleapis/google-cloud-php,Spanner/tests/Snippet/Batch/PartitionSharedSnippetTestTrait.php,edce5c0296a0e8308b00a29376ad63a11f5472e4,true,false
hiqdev/hipanel-module-finance,src/views/bill/_form.php,8d8e38c6e324be6d1e7d2854776ca0c8b9d990d7,false,true
hiqdev/hipanel-module-finance,src/forms/BillForm.php,9ab8347988e728a129c0803c750e697be708b40d,true,false
hubzero/hubzero-cms,core/components/com_tools/site/language/en-GB/en-GB.com_tools.ini,23c918641b891cc1020399f02137ca565eb90b65,false,true
hubzero/hubzero-cms,core/components/com_tools/site/views/pipeline/tmpl/status.php,23c918641b891cc1020399f02137ca565eb90b65,false,true
hubzero/hubzero-cms,core/components/com_resources/helpers/html.php,629a5d6338ef8136914580257e912157f9aa057e,true,false
icewind1991/SMB,src/Wrapped/Connection.php,84356e57859d6bb76fe1ff396be780fd0034b6d4,true,false
ilrWebServices/ilr,web/themes/custom/union_marketing/templates/content/paragraph--section-heading.html.twig,1a27508bcd590678d6fa7b6b9a8c5e5aa710f9d2,false,true
imbo/imbo,src/Http/Response/ResponseFormatter.php,48756c126feba88ec33b8dded9cb445db89f9e51,true,false
imbo/imbo,features/bootstrap/imbo-configs/access-token-whitelist-transformation.php,9d779c9413a0d9e54c6af9cfde7a69f1213e87ff,true,false
imgag/megSAP,data/gene_lists/Makefile,7eb806cbe2eb546e82563cf646f8f620777551e3,true,false
imgag/megSAP,data/gene_lists/housekeeping_genes.txt,7eb806cbe2eb546e82563cf646f8f620777551e3,true,false
imgag/megSAP,data/gene_lists/housekeeping_genes_hg38.bed,7eb806cbe2eb546e82563cf646f8f620777551e3,true,false
imgag/megSAP,test/data/db_import_qc.sql,7eb806cbe2eb546e82563cf646f8f620777551e3,true,false
imgag/megSAP,test/data/vc_cfdna_out1.vcf,7eb806cbe2eb546e82563cf646f8f620777551e3,true,false
imgag/megSAP,test/data/vc_cfdna_out1_hq.vcf,7eb806cbe2eb546e82563cf646f8f620777551e3,true,false
imgag/megSAP,test/data/vc_cfdna_out1_monitoring.tsv,7eb806cbe2eb546e82563cf646f8f620777551e3,true,false
imgag/megSAP,test/data_db/DXcf120678_01_stats_cfDNA.qcML,7eb806cbe2eb546e82563cf646f8f620777551e3,true,false
imgag/megSAP,test/data_db/DXcf120678_01_stats_fastq.qcML,7eb806cbe2eb546e82563cf646f8f620777551e3,true,false
imgag/megSAP,test/data_db/DXcf120678_01_stats_map.qcML,7eb806cbe2eb546e82563cf646f8f620777551e3,true,false
imgag/megSAP,test/data_db/RX120678_01_stats_RNA.qcML,7eb806cbe2eb546e82563cf646f8f620777551e3,true,false
imgag/megSAP,test/data_db/RX120678_01_stats_fastq.qcML,7eb806cbe2eb546e82563cf646f8f620777551e3,true,false
imgag/megSAP,test/data_db/RX120678_01_stats_map.qcML,7eb806cbe2eb546e82563cf646f8f620777551e3,true,false
imgag/megSAP,test/tool_test_db_import_qc.php,7eb806cbe2eb546e82563cf646f8f620777551e3,true,false
inc2734/snow-monkey,functions.php,059983fb147c5ed674962626c7ff2efc228f6fba,true,false
inc2734/snow-monkey,src/css/app/object/project/_footer-sticky-nav/_app.scss,77526e6611086f3697389a9a61ddafb1838def92,true,false
inc2734/snow-monkey,src/js/footer-sticky-nav.js,77526e6611086f3697389a9a61ddafb1838def92,true,false
inc2734/snow-monkey,app/setup/custom-logo.php,a178f9a158d341fc294c17b481f5e149c397f3a8,true,false
jasonmunro/cypht,lib/ini_set.php,947b476af8e00a6d011d7dfe2823b5eaa8cc4b06,true,false
jeffpiazza/derbynet,extras/scripts/shoot-then-scan.sh,379a499f771cd6a852dbee5e1ac6fc95b9f52bfa,true,false
jeffpiazza/derbynet,website/replay.php,c556b7828f02795294c7f8ab73400bd37efd7960,true,false
jimwins/scat,old-report/report-category.php,9ba8242579351265d00c9aaecff42f68875477f3,true,false
johnbillion/query-monitor,output/headers/php_errors.php,d942e624e8b09cee264936408716754eb74cc5b1,true,false
johnbillion/query-monitor,classes/Util.php,ec6a465cd6bfab0b15dd42a6c3fa5970550c5bb6,true,false
joomla/joomla-cms,libraries/src/Console/SiteDownCommand.php,035a74d4e556a4d97af5438e2992342923ddc0de,false,true
joomla/joomla-cms,plugins/user/profile/profile.php,060589f1cb07bb345d45dd36772564eeac75c9d7,true,false
joomla/joomla-cms,modules/mod_breadcrumbs/tmpl/default.php,0ed11a05481ca9d92d3b247b8876b6634ecf800b,true,false
joomla/joomla-cms,administrator/modules/mod_quickicon/src/Helper/QuickIconHelper.php,0fdcd453031ac049e6c2555446688276eb0b5c82,true,false
joomla/joomla-cms,modules/mod_tags_popular/src/Helper/TagsPopularHelper.php,13a8e967e2749ec86afef8fbb4cf25d4651ebb0d,true,false
joomla/joomla-cms,libraries/src/Console/TasksStateCommand.php,623dcb052269eef54dae6731ae215a07f8374255,true,false
joomla/joomla-cms,libraries/src/Helper/MediaHelper.php,699d4241ab792acfb056833f5c3f52839d90f8c1,true,false
joomla/joomla-cms,administrator/components/com_modules/src/Controller/ModulesController.php,79be8047c19135d6ee65005b16f9ec69af582d81,true,true
joomla/joomla-cms,build/media_source/legacy/js/treeselectmenu.es5.js,8793b6e97227c2c50830357bcb8af71638072955,true,false
joomla/joomla-cms,plugins/editors/tinymce/src/PluginTraits/DisplayTrait.php,e0b4ff8084c6ae478d1c6d2397de4f8e547dd609,true,false
kiwi3685/kiwitrees,modules_v4/googlemap/module.php,8b198b66cf8bf3b6fd7b37e26ab7fbd7f1a629a0,false,true
kiwi3685/kiwitrees-nova,help_text.php,5a9af150a98d352e01df6fe3a7345ca4740c3a1f,false,true
kiwi3685/kiwitrees-nova,save.php,8d3cfeb7e555944f9a1882cfef43e31d4175946e,false,true
kiwi3685/kiwitrees-nova,modules_v4/tabi_census/module.php,ed64bcfe59ef9af66521842b24614e9c498ce5eb,true,false
krokedil/klarna-payments-for-woocommerce,classes/requests/helpers/class-kp-order-lines.php,9ca49e07344f358ea0bcbc6fbf36833de73718d3,true,false
kujirahand/konawiki3,kona3engine/plugins/ref.inc.php,86a636266ffc75386be0ffa4fb1308c4b1bdd1c8,true,false
laravel/dusk,src/Concerns/ProvidesBrowser.php,41f6deb42ae42b9b7dae1c32c03cb35d365d3118,true,false
laravel/dusk,src/Concerns/WaitsForElements.php,98901d49176977c96330fd8c2ca5460eee50a246,true,false
laravel/dusk,tests/WaitsForElementsTest.php,98901d49176977c96330fd8c2ca5460eee50a246,true,false
laravel/dusk,src/Concerns/MakesAssertions.php,f42844d5a7eace45d199d276bb2bc23fec788256,true,false
laravel/dusk,tests/MakesAssertionsTest.php,f42844d5a7eace45d199d276bb2bc23fec788256,true,false
laravel/framework,src/Illuminate/Mail/Message.php,05dd0e064312bd6e1e193dde7309c363a35ec92d,true,false
laravel/framework,src/Illuminate/Cache/RateLimiter.php,127a9caa8ed3965aeae0eb388967fc1030fc8f86,true,false
laravel/framework,tests/Cache/CacheRateLimiterTest.php,127a9caa8ed3965aeae0eb388967fc1030fc8f86,true,false
laravel/framework,tests/Support/ValidatedInputTest.php,4768e94c336518eb3497c6183f36b110f1f8efcb,true,false
laravel/framework,src/Illuminate/Validation/ValidationRuleParser.php,6741fa8ffb5ec4339eff98132518d6f6c501eca6,true,false
laravel/framework,tests/Validation/ValidationRuleParserTest.php,6741fa8ffb5ec4339eff98132518d6f6c501eca6,true,false
laravel/framework,src/Illuminate/Routing/ViewController.php,74460896a382ed9fe0fa7670943ee31ed7b75305,true,false
laravel/framework,tests/Integration/Routing/RouteViewTest.php,74460896a382ed9fe0fa7670943ee31ed7b75305,true,false
laravel/framework,src/Illuminate/Redis/Connections/PhpRedisConnection.php,7ae798c938b0a530af82b5bdb607230d3da4f7ca,false,true
laravel/framework,src/Illuminate/Console/Concerns/InteractsWithIO.php,8c82758cb252cff91b0f5951f23fc9350e57a838,true,false
laravel/framework,tests/Integration/Routing/ImplicitRouteBindingTest.php,8ca1471235944025c4863be4795279d729a693f0,true,false
laravel/framework,src/Illuminate/Events/Dispatcher.php,9c90cf005becbd4cda58c3bc8d36768bf8b3392d,true,false
laravel/framework,tests/Events/EventsDispatcherTest.php,9c90cf005becbd4cda58c3bc8d36768bf8b3392d,true,false
laravel/framework,src/Illuminate/Foundation/Http/Middleware/TransformsRequest.php,b18678b80d6379edd15a841d90c7be8c7d20a734,false,true
laravel/framework,src/Illuminate/Foundation/resources/server.php,bd3ac842a4af4d86576234b08371ee54e1920772,true,false
laravel/framework,src/Illuminate/Database/Eloquent/SoftDeletes.php,c4354923bc7642aa87827c45f4112c5bec8cff77,true,false
laravel/framework,tests/Mail/MailSesTransportTest.php,d2429ab508f03ea92d438e5f1d51425f23c7fde9,true,false
laravel/framework,src/Illuminate/Routing/Exceptions/StreamedResponseException.php,d6822c45bd7c2966af0cff70d45e621a64e5669c,true,false
laravel/framework,src/Illuminate/Support/Pluralizer.php,d81043ef3a041fc92e053196a1ceec716410cbcb,false,true
laravel/framework,tests/Integration/Support/PluralizerPortugueseTest.php,d81043ef3a041fc92e053196a1ceec716410cbcb,false,true
laravel/framework,src/Illuminate/Pagination/CursorPaginator.php,dc724350ac1e9bf5491c6cc1e436b38f6f0973df,true,false
laravel/framework,tests/Pagination/CursorPaginatorTest.php,dc724350ac1e9bf5491c6cc1e436b38f6f0973df,true,false
leoloso/PoP,layers/GraphQLByPoP/packages/graphql-server/src/ObjectModels/HasTypeSchemaDefinitionReferenceTrait.php,ffa80a54533ddb44c71dbf29ea270d4adc7929dd,true,false
lobbywatch/lobbywatch,db_views.sql,d7d3e7b8eed0703b5607f32090fcf5fa770f06fd,true,false
luyadev/luya,core/validators/PhoneNumberValidator.php,b237bae1b654ddee27b55479d54f35320d4cc72a,true,false
luyadev/luya,tests/core/validators/PhoneNumberValidatorTest.php,b237bae1b654ddee27b55479d54f35320d4cc72a,true,false
madbob/GASdottoNG,code/app/Importers/CSV/Products.php,1698db3f816a2d37537127d35563ec1736911052,true,false
madbob/GASdottoNG,code/tests/ImportersTest.php,1698db3f816a2d37537127d35563ec1736911052,true,false
madbob/GASdottoNG,code/tests/data/products.csv,1698db3f816a2d37537127d35563ec1736911052,true,false
madbob/GASdottoNG,code/package.json,a78d499e724a57caf8843feb8c3a7bd271f7f099,true,false
mailcow/mailcow-dockerized,data/web/templates/mailbox/tab-filters.twig,372e381a850de073d908d23f4e799e097e34c5ba,true,false
mailcow/mailcow-dockerized,data/Dockerfiles/dovecot/imapsync_runner.pl,d4e829465b1333484f66ed30cd70f40f371a3aeb,true,false
mailwatch/MailWatch,mailscanner/functions.php,c3672e61b18c86ff41535274dd775bc44dd14a02,true,false
marius-wieschollek/passwords,package.json,3211ac1d9e743bb4718b8730e43f49f0337ef79e,true,false
marius-wieschollek/passwords,src/lib/Fetcher/NightlyAppFetcher.php,3211ac1d9e743bb4718b8730e43f49f0337ef79e,true,false
markrogoyski/math-php,src/Probability/Distribution/Discrete/Pascal.php,f4c407daca8e45ac740ef24f261d77092b3cc9f7,false,true
markrogoyski/math-php,tests/Functions/Map/MultiTest.php,f4c407daca8e45ac740ef24f261d77092b3cc9f7,false,true
markrogoyski/math-php,tests/NumericalAnalysis/NumericalIntegration/NumericalIntegrationTest.php,f4c407daca8e45ac740ef24f261d77092b3cc9f7,false,true
markrogoyski/math-php,tests/Probability/Distribution/Table/StandardNormalTableTest.php,f4c407daca8e45ac740ef24f261d77092b3cc9f7,false,true
markuspoerschke/iCal,src/Presentation/Component.php,b8535a14716cf5215d9ac9a5d9594189b3fee135,true,false
michaeluno/amazon-auto-links,include/core/component/button/utility/AmazonAutoLinks_Button_DefaultButtons.php,1a97b4c82273d59534fe1e90bb218291b5a0dabe,true,false
michaeluno/amazon-auto-links,include/core/component/unit/_common/post_type/unit/AmazonAutoLinks_PostType_Unit_ListTable.php,1ca7d64ea5ae0d1c4a59b0802825481bb5f3f738,true,true
michaeluno/amazon-auto-links,include/core/component/unit/_common/output/formatter/item/AmazonAutoLinks_UnitOutput__ItemFormatter.php,27f866ff51ea030a76de894727e380ab906a88e9,false,true
michaeluno/amazon-auto-links,include/core/main/event/AmazonAutoLinks_Event.php,32bb04fefedda9f8ad164ef4536b111641bf5d53,false,true
michaeluno/amazon-auto-links,include/core/component/unit/event/filter/AmazonAutoLinks_Unit_Event_Filter_PAAPIErrors.php,494fcaec622f258b084d55d30faf364debbe925b,false,true
michaeluno/amazon-auto-links,asset/log/5.2.7.rm,4a8535903ee4e8db167cad52b41fb28e2e86b91e,true,false
michaeluno/amazon-auto-links,include/core/component/unit/unit_type/ad_widget_search/event/filter/AmazonAutoLinks_Unit_UnitType_AdWidgetSearch_Event_Filter_ProductsFormatter.php,55f6ae0e98a94efeab4822cfa0e88c20507dd072,false,true
michaeluno/amazon-auto-links,include/core/component/unit/unit_type/category/event/filter/AmazonAutoLinks_Unit_Category_Event_Filter_ProductsFormatter.php,6a970b5c06426f6e99d02b8f18adf6881a60a78e,false,true
michaeluno/amazon-auto-links,include/core/_common/utility/interpreter/paapi/AmazonAutoLinks_PAAPI50___RequestHeaderGenerator.php,6df47d748b607763f15545f40179e42de0f12d2f,false,true
michaeluno/amazon-auto-links,include/core/component/unit/_common/output/formatter/product_element/AmazonAutoLinks_UnitOutput___ElementFormatter_UserRating.php,7b8dc76fcdfdfd10253d3c77110cdfedd9925c65,true,true
michaeluno/amazon-auto-links,include/core/_common/utility/interpreter/ad-widget-api/AmazonAutoLinks_AdWidgetAPI_Search.php,98813eff172f6ef0a2206dab526f38270491434b,false,true
michaeluno/amazon-auto-links,include/core/component/unit/_common/_abstract/AmazonAutoLinks_Unit_UnitType_Loader_Base.php,9a0aa491bfb3a68a9de31873ce2377ef0dcfb11d,false,true
michaeluno/amazon-auto-links,asset/log/5.2.3.rm,9c7d2deec17820151f35e174e390e1785f1cf6c8,true,false
michaeluno/amazon-auto-links,include/core/component/button/button_type/classic/admin/post_meta_box/_abstract/AmazonAutoLinks_PostMetaBox_Button_Base.php,bcf43d293872d4e814d9038ec4b40cc3c9db66fd,true,false
michaeluno/amazon-auto-links,include/core/component/test/run/tests/core/_common/utility/file/Test_AmazonAutoLinks_VersatileFileManager.php,c8a7fffe3d61b47aa4207551d5b0daacc78bb41c,false,true
michaeluno/amazon-auto-links,include/core/_common/utility/interpreter/paapi/locale/AmazonAutoLinks_PAAPI50_Locale_PL.php,f03afcc0a7e580a7685a7027676fb442ee6f25a0,true,false
miraheze/CreateWiki,i18n/nl-informal.json,68e080f9a477d1d47486ddcfa2356630bf707e81,false,true
mongodb/mongo-php-driver,src/MongoDB/ClientEncryption.c,035cb9d6a5b4d0065a5eaaf9160c4d36760dd3af,true,false
mongodb/mongo-php-driver,src/phongo_bson_encode.c,11ae4052447cf1fb49a33c73fba72a0060d70e9d,true,true
monicahq/monica,config/app.php,5f63bed75d53b6f35b9b3fc20a24d449a1bcfebf,true,false
monicahq/monica,app/Http/Controllers/DAV/Backend/CardDAV/CardDAVBackend.php,626f078e73ad65b330b5a35156a9d7885e6ce10f,true,false
moodle/moodle,search/classes/document.php,4f2eac208d8af4a833f81364e39a5579f39642b1,true,false
moodle/moodle,lib/authlib.php,59b5858da200f63ecb59a9113af2b99ef1496fe5,true,false
moodle/moodle,lib/cronlib.php,c7ddee0890ef7da8880b2ad86e4330146784f44e,true,false
mpdf/mpdf,src/Otl.php,a1c3f4a247a2d5936bb260e0279d4e2718547b6f,true,false
mpdf/mpdf,tests/Issues/Issue1285Test.php,a1c3f4a247a2d5936bb260e0279d4e2718547b6f,true,false
mpdf/mpdf,tests/Issues/Issue1609Test.php,aabfaeead028225c7bb4e4fb37d05c9b8a6f004c,true,false
mpdf/mpdf,tests/data/img/issue1609.png,aabfaeead028225c7bb4e4fb37d05c9b8a6f004c,true,false
mpdf/mpdf,src/CssManager.php,dc80617335227ce0391a4f6eaab03e086608de82,true,false
ms609/citation-bot,constants/parameters.php,2f63a27e52091d30483a7d0dab5a473951e0c198,true,false
msaari/relevanssi,lib/excerpts-highlights.php,2d30ca968779780b30bb16b6c8e7b9e3b06857ed,true,false
msaari/relevanssi,lib/class-relevanssi-taxonomy-walker.php,5c85bec104de5b22a90a2cb6927fb49cc613eb96,true,false
msaari/relevanssi,lib/search-query-restrictions.php,6a21ae27f6e5ed29b6ed5a01ead6cae800b43015,true,false
msaari/relevanssi,lib/indexing.php,7fbdc882b8ece93fa75c18ed1a95da2a60887e99,true,false
msaari/relevanssi,lib/didyoumean.php,922009eb0717df2de8174d1891ddc15002848d5f,true,false
mvccore/mvccore,src/MvcCore/Controller/FlashMessages.php,48257894e9f854c95439e076a7649ca5719acd8b,true,false
mvccore/mvccore,src/MvcCore/Session/Closing.php,9b08c91f09b41fe1323ed13b5fbd3914b120db5d,true,false
mvccore/mvccore,src/MvcCore/Router/UrlByQuery.php,e03aebfd5794f349f576f91503b992325c2febad,true,false
mybb/mybb,inc/db_sqlite.php,d1909b464e499b3e57651e1ee14a82bae89d21fd,true,true
nepada/bust-cache,src/BustCache/BustCacheMacro.php,c83b3a6e1b91650a05cb0b9e2250136131a1854d,true,false
net-tools/google-api,src/Tools/PeopleSync/Manager.php,2f96af679b6e5daf6ae11336fe175a3e34fec48c,true,false
nextcloud/nextcloud.com,page-partners.php,e9e4398105630ed2fbc8054e1296f4da60fa51a1,true,false
nightflyza/Ubilling,api/libs/api.reportmaster.php,7c00db2f5ecff25e95750fe1025ad46a385245b4,true,false
nightflyza/Ubilling,api/libs/api.branches.php,92172f7542c49913d9fc5daef875dbb710e76230,true,false
nightflyza/Ubilling,skins/menuicons/nuke_black.png,ce8c91c570cbc23b0bc487b0193af5dd38b1c848,true,true
nightflyza/Ubilling,skins/menuicons/nuke_white.png,ce8c91c570cbc23b0bc487b0193af5dd38b1c848,true,true
nightflyza/Ubilling,api/vendor/sms_services_APIs/MobiClubSms.php,e233cd17733c8250e1501c04d1ac60060298a08e,true,false
nightflyza/Ubilling,modules/general/realipcontrol/index.php,fd4e6e34a5c52978a72d84726af1016fbe3ad022,true,false
omeka/Omeka,application/libraries/Omeka/Form.php,04c457aec6e3276b4aa68f12a061d173ed35eca4,true,false
omeka/omeka-s,application/src/Api/Representation/AbstractResourceEntityRepresentation.php,e8104f1ddbecd86e00a2aa12cefa97bf7618fc4c,true,false
open-telemetry/opentelemetry-php,src/SDK/Resource/ResourceInfoFactory.php,445e932ee066e1c8a720dca36cb0f0a5eeea189d,false,true
open-telemetry/opentelemetry-php,src/API/Trace/Propagation/B3MultiPropagator.php,499c58adab3de0723a76e3aaff94d47d4176c6b0,false,true
open-telemetry/opentelemetry-php,tests/Unit/API/Trace/Propagation/B3MultiPropagatorTest.php,499c58adab3de0723a76e3aaff94d47d4176c6b0,false,true
owncloud/music,js/app/services/libraryservice.js,3d1718d22fab9f3ea7ffd4b02fc5b21196a3a92a,true,false
parentnode/janitor,src/classes/adapters/payments/stripe.class.php,2cb8f4a9158d074e3ab7ce600e1b7289d65becd8,true,false
pfsense/pfsense,src/usr/local/www/status_ipsec_sad.php,08219be9c56250f998585a7aec7539efbe933952,true,false
pfsense/pfsense,src/usr/local/sbin/openvpn.connect_async.sh,142ffe35e82a4114adb06b7d5ddb7d7f70750cf6,true,false
pfsense/pfsense,src/usr/local/www/system_authservers.php,16a6bf51901960c81b1a36c908b6df750456f476,true,false
pfsense/pfsense,src/usr/local/www/js/pfSenseHelpers.js,6578d9501401287f72be543b159e2f6b19d5e736,true,false
pfsense/pfsense,src/usr/local/www/firewall_rules_edit.php,6b73b812b884cbc394137b07bab34b9a23bc66f0,true,false
pfsense/pfsense,src/usr/local/www/widgets/widgets/openvpn.widget.php,aa11df80ebd8c8dc07dfaafba364fac32a6631e0,true,false
pfsense/pfsense,src/etc/inc/certs.inc,ab7ad5f95edd943278d311f9daf5208c02cce9d0,true,false
pfsense/pfsense,src/usr/local/www/system_certmanager_renew.php,ab7ad5f95edd943278d311f9daf5208c02cce9d0,true,false
pfsense/pfsense,src/usr/local/www/firewall_aliases.php,ac6e07b50d1f72d689eee3ad16427c975482adc3,true,false
pfsense/pfsense,src/usr/local/www/guiconfig.inc,ac6e07b50d1f72d689eee3ad16427c975482adc3,true,false
pfsense/pfsense,tools/installer/recover_configxml.sh,c5eea3996c8ab0aa28a720725adbca7d85cf34e4,true,false
pfsense/pfsense,src/etc/inc/openvpn.auth-user.php,d8a8701961cf58e6232c4f6bff550936d985dc0f,true,false
pfsense/pfsense,src/usr/local/www/status_openvpn.php,f2c2a2b4131841b0b26d154742ef890708a7946c,false,true
phacility/arcanist,src/utils/utf8.php,1fc4439ca5ff814b36d8750519e9f39eaa0944cd,true,false
phacility/arcanist,src/repository/marker/ArcanistRepositoryMarkerQuery.php,85c953ebe4a6fef332158fd757d97c5a58682d3a,true,false
phacility/phabricator,src/infrastructure/diff/engine/PhabricatorInlineCommentAdjustmentEngine.php,2188473fa77244ff0c2ab6e2c80a95bc73d8bb50,true,false
phacility/phabricator,src/view/page/menu/PhabricatorMainMenuView.php,297c0bbfcfcdfbbdc80b67b400a4ea067c1533f8,false,true
phacility/phabricator,src/applications/diffusion/conduit/DiffusionBrowseQueryConduitAPIMethod.php,52df4ff515b7d6ccb361846f971d47f4edbe9d04,true,true
phacility/phabricator,src/applications/settings/storage/PhabricatorUserPreferences.php,698ada2470b18ae0b6ec579614b56b1bee395eba,true,false
phoronix-test-suite/phoronix-test-suite,pts-core/objects/phodevi/components/phodevi_motherboard.php,29772b1efb2b170c953e78423d1b1c33c1c5d410,true,false
phoronix-test-suite/phoronix-test-suite,ChangeLog,b63b346cab9091b2f022e4fc362b823bb4492ce1,true,false
phoronix-test-suite/phoronix-test-suite,README.md,b63b346cab9091b2f022e4fc362b823bb4492ce1,true,false
phoronix-test-suite/phoronix-test-suite,documentation/man-pages/phoronix-test-suite.1,b63b346cab9091b2f022e4fc362b823bb4492ce1,true,false
phoronix-test-suite/phoronix-test-suite,documentation/phoronix-test-suite.html,b63b346cab9091b2f022e4fc362b823bb4492ce1,true,false
phoronix-test-suite/phoronix-test-suite,documentation/phoronix-test-suite.md,b63b346cab9091b2f022e4fc362b823bb4492ce1,true,false
phoronix-test-suite/phoronix-test-suite,documentation/phoronix-test-suite.pdf,b63b346cab9091b2f022e4fc362b823bb4492ce1,true,false
phoronix-test-suite/phoronix-test-suite,documentation/stubs/00_zmodule_options.html,b63b346cab9091b2f022e4fc362b823bb4492ce1,true,false
phoronix-test-suite/phoronix-test-suite,documentation/stubs/55_virtual_suites.html,b63b346cab9091b2f022e4fc362b823bb4492ce1,true,false
phoronix-test-suite/phoronix-test-suite,pts-core/pts-core.php,b63b346cab9091b2f022e4fc362b823bb4492ce1,true,false
phpmyadmin/phpmyadmin,templates/home/themes.twig,69064ac0aeb433bbc366729a0d543c1b731e8aad,true,true
phpmyadmin/phpmyadmin,themes/bootstrap/scss/_variables.scss,69064ac0aeb433bbc366729a0d543c1b731e8aad,true,true
phpmyadmin/phpmyadmin,test/classes/CoreTest.php,f47db6b1a0a42dcbd64746a0c39f6272db29ba78,false,true
phpro/grumphp,src/Task/Infection.php,824c773e1fcfeb95cba7eb2982e49ebba6165c60,true,false
phpro/grumphp,test/Unit/Task/InfectionTest.php,824c773e1fcfeb95cba7eb2982e49ebba6165c60,true,false
picqer/moneybird-php-client,src/Picqer/Financials/Moneybird/Model.php,7456b5015b45e34b49f4b105c20384ba74dea1c6,true,false
platformsh/platformsh-cli,scripts/gitlab-ci/cleanup-platform.sh,8815ad5f6ad4c559f45d959354e0ebdb0668c2a3,true,false
platformsh/platformsh-cli,src/Service/GitDataApi.php,f92ff45dcb321983231bd8c0d6981765f23c016d,true,true
pluginsGLPI/formcreator,inc/command/compilescsscommand.class.php,4b29c0f34077ce640ffdaf064847c7c7c879677e,true,false
pluginsGLPI/timelineticket,inc/toolbox.class.php,e0e9b5032267bb127358a6b9b57ba2b7d281ea3e,true,false
pmmp/PocketMine-MP,src/world/light/LightUpdate.php,01b0742bd44fb3bdcb947daf3eaf7a624853b5a0,true,false
pmmp/PocketMine-MP,src/item/Minecart.php,26df37e6ef5ee0671a5b2634194cc38356b07b19,true,false
pmmp/PocketMine-MP,src/plugin/PluginManager.php,2efce35331b28b3cd85f50780fc47d53d52142fc,true,false
pmmp/PocketMine-MP,src/event/inventory/InventoryTransactionEvent.php,3ca80b353be6a48fcb41a1df79836a3fa597353b,false,true
pmmp/PocketMine-MP,src/resourcepacks/ZippedResourcePack.php,52e3f1e269af96866fb964386ec7426154e88700,true,false
pmmp/PocketMine-MP,src/inventory/transaction/InventoryTransaction.php,5d92eddc824b5426edf76b0a84b3a8a0349893e2,true,false
pmmp/PocketMine-MP,src/item/Boat.php,69418084bc453fa704c9e828d32a8a3a7186c0aa,true,false
pmmp/PocketMine-MP,src/item/ItemFactory.php,7c3b78b0a0ae848a8fb034251ef53edb7b0c08e4,true,false
pmmp/PocketMine-MP,src/block/inventory/ShulkerBoxInventory.php,a45a96b3ee6baa595d1140a2646d5ef39ccea380,true,false
pmmp/PocketMine-MP,src/event/server/CommandEvent.php,e9a17374d1e441943cd973a5e23c140ba36a93c1,false,true
podlove/podlove-publisher,includes/scripts_and_styles.php,ae2fddbcec0fcdf237bea3906fcc6215387486bc,true,false
polylang/polylang,tests/phpunit/tests/test-parent-page.php,8dab7b5c5a5ef12b2a1301ce1a3ad85f1cd83ed1,true,false
polylang/polylang,include/walker-dropdown.php,a58a8693bfa2e3acba6936b842044adf4168db2d,true,false
polylang/polylang,tests/phpunit/tests/test-switcher.php,a58a8693bfa2e3acba6936b842044adf4168db2d,true,false
pressbooks/pressbooks,.github/workflows/update-pot.yml,0ecfd24ae4aa11b775ec3102c935a57805685155,false,true
pressbooks/pressbooks,.github/workflows/update-translations.yml,0ecfd24ae4aa11b775ec3102c935a57805685155,false,true
pressbooks/pressbooks,tests/test-admin-dashboard.php,9ba9eaaec0f0efd138bcdce23dd1582df5bf306e,true,true
proengsoft/laravel-jsvalidation,.github/workflows/release.yml,1455a1e6dfe69e46616e44593174df933bed4404,true,false
proengsoft/laravel-jsvalidation,release.config.js,1455a1e6dfe69e46616e44593174df933bed4404,true,false
propelorm/Propel2,src/Propel/Generator/Model/Table.php,2c7a2f78c9e5ee4d898b29d4e7a49904f881306e,true,false
regardscitoyens/nosdeputes.fr,batch/commission/compute_special_orgs.sh,25e861e9305ac6ae0b8ab1d48433c8e65bd4e192,true,false
regardscitoyens/nosdeputes.fr,web/css/fonts/LiberationSansBold.ttf,60b97440bbe26b701a19ca538dcc65f23453f4ed,true,false
regardscitoyens/nosdeputes.fr,web/css/fonts/LiberationSansBoldItalic.ttf,60b97440bbe26b701a19ca538dcc65f23453f4ed,true,false
regardscitoyens/nosdeputes.fr,web/css/fonts/LiberationSansItalic.ttf,60b97440bbe26b701a19ca538dcc65f23453f4ed,true,false
regardscitoyens/nosdeputes.fr,web/css/fonts/LiberationSansRegular.ttf,60b97440bbe26b701a19ca538dcc65f23453f4ed,true,false
regardscitoyens/nosdeputes.fr,web/css/fonts/liberation-sans.css,60b97440bbe26b701a19ca538dcc65f23453f4ed,true,false
regardscitoyens/nosdeputes.fr,apps/frontend/modules/plot/actions/components.class.php,e86e7ac6e0ab15d1c0d86d1d859a0d1ed71fcd31,true,false
regardscitoyens/nosdeputes.fr,batch/commission/download_commission.pl,e9ae7cddf02e5890561b2edeba65ad4a6d3f3e83,true,false
renderpci/dedalo-4,lib/dedalo/component_input_text/class.component_input_text.php,c02fd976754ce9cb4153699351c42684d8c74e09,true,false
roundcube/roundcubemail,plugins/managesieve/lib/Roundcube/rcube_sieve_vacation.php,50992b9fc74966336419fd59276f969200731c81,true,false
roundcube/roundcubemail,program/lib/Roundcube/rcube_smtp.php,6fa6f89b02d69ca41dfbeba9fa0db1e8a3f5a9d0,true,false
roundcube/roundcubemail,program/lib/Roundcube/rcube_utils.php,8ad92d5f98efc658343bd8e82f9578595d22d43b,true,false
roundcube/roundcubemail,tests/Framework/Utils.php,8ad92d5f98efc658343bd8e82f9578595d22d43b,true,false
roundcube/roundcubemail,program/lib/Roundcube/rcube_spellchecker.php,ee04d8571f0783b74af7093704b5c1371c255572,true,false
roundcube/roundcubemail,tests/Framework/SpellcheckerEnchant.php,ee04d8571f0783b74af7093704b5c1371c255572,true,false
roundcube/roundcubemail,tests/Framework/SpellcheckerPspell.php,ee04d8571f0783b74af7093704b5c1371c255572,true,false
roundcube/roundcubemail,skins/elastic/ui.js,fbed6bb0744abf744ed59aca0a847b751977785e,true,false
roundcube/roundcubemail,program/js/app.js,ff96c78606f05a6ecc649eda89aadc60daf017ee,false,true
samsonasik/ErrorHeroModule,kahlan-config.php,b3e321d2af213b15935f267687604b51ac94cd65,false,true
schmittjoh/serializer,src/SerializerBuilder.php,162d0e5889a33cee23be08e9d1de6d2ae62eb423,false,true
schmittjoh/serializer,src/Type/Lexer.php,bf75a23fca59c2e9ba24577d1e6a0b35ea5fb60f,true,false
schmittjoh/serializer,UPGRADING.md,e5d8e8ebccd1f00d04d350dfb30c88b066390cb3,true,false
schmittjoh/serializer,src/Metadata/Driver/AbstractDoctrineTypeDriver.php,e5d8e8ebccd1f00d04d350dfb30c88b066390cb3,true,false
seeds-of-diversity/seeds,seedConfig.php,2cd5ffa568b179cfb8d43f96f73efefa79ceca2d,true,true
seeds-of-diversity/seeds,seedapp/imgman/ImgManager.php,528ffe6886e00c6a0e7b8488bcf11b5a54e97e2e,true,false
shannah/xataface,xf/db/drivers/mysqli.php,65aeb37c52c1a81f43c7965b7ade9015a153bcaa,true,false
shannah/xataface,tests/tests/TableTest.php,7a0d108c5b1afd8ac0b4ffb0c08e957c02bf92e3,true,false
shannah/xataface,tools/lib/XFProject.class.php,a820a3b667ccff31380ea7ac81791d1a055d2e54,true,false
shish/shimmie2,themes/warm/upload.theme.php,c1344958d49becd8353f97840fcb5b372c8aa8a1,true,false
simplesamlphp/saml2,src/SAML2/XML/md/AbstractLocalizedURI.php,22412a10c6e3b8d392150d9919fddd43b2c85d2c,false,true
simplesamlphp/saml2,tests/SAML2/Assertion/Transformer/NameIdDecryptionTransformerTest.php,c717950b7112a7702cf47a55dfae60087fa850cf,true,false
slevomat/coding-standard,SlevomatCodingStandard/Sniffs/ControlStructures/UselessIfConditionWithReturnSniff.php,124863045038d1dccf3b437cd39aa752a69658c2,true,false
slevomat/coding-standard,tests/Sniffs/ControlStructures/data/uselessIfConditionWithReturnNoErrors.php,124863045038d1dccf3b437cd39aa752a69658c2,true,false
slevomat/coding-standard,SlevomatCodingStandard/Sniffs/Functions/RequireSingleLineCallSniff.php,8b6ecaf1e4af41e12623e7642d59b3bbd9d7f0a9,true,false
slevomat/coding-standard,tests/Sniffs/Functions/data/requireSingleLineCallNoErrors.php,8b6ecaf1e4af41e12623e7642d59b3bbd9d7f0a9,true,false
slevomat/coding-standard,tests/Sniffs/Namespaces/data/collidingFullyQualifiedFunctionNames.php,9fa72f2a513a280f616f8a3a8b75ffb019bc7df2,true,false
slevomat/coding-standard,SlevomatCodingStandard/Helpers/ReferencedNameHelper.php,c1b4a8c9c8932032de79ced929c4069de0ba29d6,true,false
slevomat/coding-standard,tests/Helpers/ReferencedNameHelperTest.php,c1b4a8c9c8932032de79ced929c4069de0ba29d6,true,false
slevomat/coding-standard,tests/Helpers/data/lotsOfReferencedNames.php,c1b4a8c9c8932032de79ced929c4069de0ba29d6,true,false
slevomat/coding-standard,tests/Sniffs/Namespaces/data/collidingFullyQualifiedConstantNames.php,c871588efa1755aaad62eccc5e1980809874d8d1,true,false
slevomat/coding-standard,SlevomatCodingStandard/Sniffs/Namespaces/UnusedUsesSniff.php,f054df876f5902ae4625a3369a7faaf0dd5d5c5a,true,false
slevomat/coding-standard,tests/Sniffs/Namespaces/UnusedUsesSniffTest.php,f054df876f5902ae4625a3369a7faaf0dd5d5c5a,true,false
smrealms/smr,src/templates/Default/engine/Default/admin/changelog.php,22544d06e191ad163653f1ae9607f4ceaa507216,true,false
smrealms/smr,src/engine/Default/admin/npc_manage_processing.php,66402fcee21fb44e4ea5420287d198bf8adb9785,true,false
smrealms/smr,src/engine/Default/rankings_alliance_vs_alliance.php,8656c7e5a1492b98322d582c7be1b5bbc9234387,true,false
smrealms/smr,src/lib/Default/SmrWeapon.php,dc23860965b051fcec8aadee106009a74cbb6a93,false,true
snc/SncRedisBundle,src/Client/Predis/Connection/ConnectionWrapper.php,628b609773fdbc7c11049c1797d8e1fc4c81f5ac,true,false
snipe/snipe-it,app/Http/Requests/ItemImportRequest.php,8195a664a905b93d1063e87fde05edd54f95db1f,true,false
sonata-project/SonataAdminBundle,rector.php,90566a45e8db69b5b5797f0c0d0886a2bcf3e51a,true,false
sonata-project/SonataAdminBundle,tests/Form/Type/ModelTypeTest.php,90566a45e8db69b5b5797f0c0d0886a2bcf3e51a,true,false
sonata-project/SonataAdminBundle,tests/Route/DefaultRouteGeneratorTest.php,90566a45e8db69b5b5797f0c0d0886a2bcf3e51a,true,false
sonata-project/SonataAdminBundle,tests/Route/RoutesCacheWarmUpTest.php,90566a45e8db69b5b5797f0c0d0886a2bcf3e51a,true,false
sonata-project/SonataAdminBundle,src/Model/ModelManagerInterface.php,e6eefc23c6a3787586603fd3cf4a2c91051ae685,false,true
sonata-project/SonataClassificationBundle,src/Admin/ContextAwareAdmin.php,ec7969607ca48fedc00e0611564bfc6612d1c140,true,false
spatie/laravel-activitylog,src/ActivitylogServiceProvider.php,0d0075b9c56ed0c282f59037e71cdaa6a052d336,false,true
spatie/laravel-activitylog,tests/LogsActivitySerializationTest.php,94e5cb859f30513ac79d9b33a658aa412718fadd,true,true
spatie/laravel-activitylog,tests/Models/ArticleWithLogDescriptionClosure.php,94e5cb859f30513ac79d9b33a658aa412718fadd,true,true
spip/SPIP,ecrire/inc/filtres_dates.php,5fac660755514252050102169b1e6b0e5e65ac14,true,false
splitbrain/dokuwiki,lib/plugins/extension/helper/repository.php,82b5fca97017439e48091b109a7877c5df980c32,true,false
squizlabs/PHP_CodeSniffer,tests/Core/Tokenizer/BackfillReadonlyTest.inc,1fff686becbcf67d2a0a1eac25b81f0db7e6816f,true,false
squizlabs/PHP_CodeSniffer,tests/Core/Tokenizer/BackfillReadonlyTest.php,1fff686becbcf67d2a0a1eac25b81f0db7e6816f,true,false
squizlabs/PHP_CodeSniffer,tests/Core/Tokenizer/BitwiseOrTest.inc,1fff686becbcf67d2a0a1eac25b81f0db7e6816f,true,false
squizlabs/PHP_CodeSniffer,tests/Core/Tokenizer/BitwiseOrTest.php,1fff686becbcf67d2a0a1eac25b81f0db7e6816f,true,false
srmklive/laravel-paypal,src/Traits/PayPalHttpClient.php,d9ad3ef9b27299788b4896aab8beeea40b24deca,true,false
srmklive/laravel-paypal,tests/Feature/AdapterFeatureTest.php,d9ad3ef9b27299788b4896aab8beeea40b24deca,true,false
stayallive/wp-sentry,src/class-wp-sentry-admin-page.php,4b1e7f3c8c1c25edfe66541521567d808cc824ac,false,true
stripe/stripe-php,lib/Util/RequestOptions.php,3a95278fb78b37dbe36ba64256c255c85227d776,true,false
stripe/stripe-php,tests/Stripe/Util/RequestOptionsTest.php,3a95278fb78b37dbe36ba64256c255c85227d776,true,false
symfony/cache,Adapter/TagAwareAdapter.php,27121284fe32a7cefc225268761ec7ce1741b9ac,true,false
symfony/dependency-injection,Attribute/When.php,855e29cd715ad62bb840c9841fe09a7cde50811f,true,false
symfony/http-kernel,Tests/EventListener/ResponseListenerTest.php,bc40ad3a780bbce833a7e1201aefb1e6225cd221,true,false
symfony/polyfill,src/Intl/Icu/Resources/currencies.php,23e63c846c6fa5e110746748fedd4a6ce1600a50,true,false
symfony/security-bundle,Resources/config/security_listeners.php,d25741b98675d383f4fdf161fa4ab3e3f9fbc423,true,false
symfony/security-http,Authenticator/Passport/Badge/UserBadge.php,1bc534e5c6ec2b6bc07720fd718464eead040d37,true,false
symfony/symfony,src/Symfony/Component/Routing/Requirement/Requirement.php,2a38810590fd7254e3045e593c465a4ba47a9846,true,false
symfony/symfony,src/Symfony/Component/Routing/Tests/Requirement/RequirementTest.php,2a38810590fd7254e3045e593c465a4ba47a9846,true,false
symfony/symfony,src/Symfony/Component/Validator/Constraints/FileValidator.php,6299015a233815af990fc3b90e2a0556b3721072,true,true
symfony/symfony,src/Symfony/Component/Validator/Tests/Constraints/FileValidatorTest.php,6299015a233815af990fc3b90e2a0556b3721072,true,true
symfony/symfony,src/Symfony/Component/Routing/Tests/Fixtures/Enum/TestIntBackedEnum.php,9cbc85389aaa9158943b582e56e4faf3d24b613b,true,false
symfony/symfony,src/Symfony/Component/Routing/Tests/Fixtures/Enum/TestStringBackedEnum.php,9cbc85389aaa9158943b582e56e4faf3d24b613b,true,false
symfony/symfony,src/Symfony/Component/Routing/Tests/Fixtures/Enum/TestStringBackedEnum2.php,9cbc85389aaa9158943b582e56e4faf3d24b613b,true,false
symfony/symfony,src/Symfony/Component/Routing/Tests/Fixtures/Enum/TestUnitEnum.php,9cbc85389aaa9158943b582e56e4faf3d24b613b,true,false
symfony/symfony,src/Symfony/Component/HttpFoundation/CHANGELOG.md,aff969d9353616bdbefbe64f5964f1f38d9e9260,true,false
symfony/symfony,src/Symfony/Component/HttpFoundation/Response.php,aff969d9353616bdbefbe64f5964f1f38d9e9260,true,false
symfony/symfony,src/Symfony/Component/HttpFoundation/Tests/ResponseTest.php,aff969d9353616bdbefbe64f5964f1f38d9e9260,true,false
symfony/symfony,src/Symfony/Component/Serializer/CHANGELOG.md,bf39ec469d07d19996a797103ffdbe12cea3b331,true,false
symfony/symfony,src/Symfony/Component/Serializer/Normalizer/ObjectNormalizer.php,bf39ec469d07d19996a797103ffdbe12cea3b331,true,false
symfony/symfony,src/Symfony/Component/Serializer/Tests/Normalizer/ObjectNormalizerTest.php,bf39ec469d07d19996a797103ffdbe12cea3b331,true,false
symfony/symfony,src/Symfony/Component/DomCrawler/composer.json,d31ea7c230160b3930f4789ed38c959c5db4f723,true,true
symfony/twig-bundle,DependencyInjection/TwigExtension.php,c992b4474c3a31f3c40a1ca593d213833f91b818,true,false
tastyigniter/TastyIgniter,app/admin/widgets/filter/assets/js/datepicker.js,c28e29ff2cc8d7dc9600e4ad7f5ef91c6b97ed99,true,false
tastyigniter/flame,src/Filesystem/FilesystemServiceProvider.php,96f956c591ee666a880ee70350044ab1cb1d7aa0,true,false
tastyigniter/flame,src/Location/Models/AbstractLocation.php,db63ab8461d2896fb5f08fa1e829e8a8ab784141,false,true
tbar0970/jethro-pmm,db_objects/roster_view_role_membership.class.php,021fbd6eabaa4664f9f2b6f5e54ba7b1a3602ecf,true,false
tbar0970/jethro-pmm,include/installer.class.php,7dbd01bc1f821e44c56588560398f2166738455c,true,false
tbar0970/jethro-pmm,calls/call_document_merge.class.php,cd5d2f94624d5946910c1afc62d6b1ebb46014d6,true,false
textpattern/textpattern,textpattern/lib/constants.php,b81f2beaaecf525a3b086b8de52d24cd048b94b2,true,false
textpattern/textpattern,textpattern/lib/txplib_misc.php,ff0f45bd0dcfe2b0ddf0753582c7c4a3326f93d3,true,false
thelia/thelia,core/lib/Thelia/Core/Template/Element/BaseLoop.php,7e85bdbc954d3057f9164a5c36dbcac287d45ca6,true,false
theoboldt/juvem,app/assets/js/area/attendance.js,9af3a9f58dc11dd7cacae93f00fbc5ed2e3580da,true,false
thorsten/phpMyFAQ,phpmyfaq/src/phpMyFAQ/User/CurrentUser.php,ab519da1fa03f78118e4eaff60ebb31d6d331b08,true,false
thorsten/phpMyFAQ,phpmyfaq/admin/index.php,c555db5a8f14ef1052a4535e8077058f2e1d54a4,true,false
twinh/wei,lib/Schema.php,edfa09daeecc86d7fc799088947c7aececd4ad2e,true,true
twinh/wei,tests/unit/SchemaTest.php,edfa09daeecc86d7fc799088947c7aececd4ad2e,true,true
typecho/typecho,admin/css/style.css,7ebfe82de12e15a23c2f93ab32c59e9f6de0b6d3,true,false
typecho/typecho,admin/src/scss/_header.scss,7ebfe82de12e15a23c2f93ab32c59e9f6de0b6d3,true,false
typecho/typecho,admin/write-js.php,9fd02529b16304ced224842fd8b788af59f7fdb9,true,false
typecho/typecho,var/Widget/Backup.php,c78f7fda683caa195961bb0cfde7bfec1fce4914,true,false
ubccr/xdmod,.circleci/config.yml,42a2059fc46ae05d1e33a88a1029c2ad0097a8ff,true,true
ubccr/xdmod,classes/Rest/Controllers/WarehouseControllerProvider.php,42a2059fc46ae05d1e33a88a1029c2ad0097a8ff,true,true
ubccr/xdmod,tests/artifacts/xdmod/regression/images/expected-rocky8.5.json,42a2059fc46ae05d1e33a88a1029c2ad0097a8ff,true,true
ubccr/xdmod,tests/ci/Docker/Dockerfile.centos8,42a2059fc46ae05d1e33a88a1029c2ad0097a8ff,true,true
ubccr/xdmod,tests/ci/Docker/Dockerfile.centos8.xdmod-base,42a2059fc46ae05d1e33a88a1029c2ad0097a8ff,true,true
ubccr/xdmod,tests/ci/Docker/Dockerfile.rocky8,42a2059fc46ae05d1e33a88a1029c2ad0097a8ff,true,true
ubccr/xdmod,tests/ci/Docker/Dockerfile.rocky8.xdmod-base,42a2059fc46ae05d1e33a88a1029c2ad0097a8ff,true,true
ubccr/xdmod,tests/ci/Docker/assets/google-chrome.repo,42a2059fc46ae05d1e33a88a1029c2ad0097a8ff,true,true
ubccr/xdmod,tests/ci/Docker/assets/mysql-server.cnf,42a2059fc46ae05d1e33a88a1029c2ad0097a8ff,true,true
ubccr/xdmod,tests/ci/Docker/bin/services,42a2059fc46ae05d1e33a88a1029c2ad0097a8ff,true,true
ubccr/xdmod,tests/ci/bootstrap.sh,42a2059fc46ae05d1e33a88a1029c2ad0097a8ff,true,true
unaio/una,inc/classes/BxDolContentFilter.php,670515b4c9261951ac72cd61fb9e313dd4d48ab1,true,false
unaio/una,studio/classes/BxDolStudioNavigationQuery.php,b142b030e446b46025f1afa0bd042df8c58de105,true,false
unaio/una,studio/template/form_view_iu_preview.html,b142b030e446b46025f1afa0bd042df8c58de105,true,false
unaio/una,studio/template/item_icon_preview.html,b142b030e446b46025f1afa0bd042df8c58de105,true,false
unaio/una,studio/store.php,cc35e5e46193ea379e7b5746079df8532524290b,true,false
unaio/una,modules/base/general/template/context.html,e98192d32264be7e5ccb41225eb771be51fe2e0e,true,false
unaio/una,modules/base/groups/template/unit_meta_item.html,e98192d32264be7e5ccb41225eb771be51fe2e0e,true,false
unaio/una,modules/base/profile/template/unit_meta_item.html,e98192d32264be7e5ccb41225eb771be51fe2e0e,true,false
unaio/una,modules/boonex/artificer/data/template/bx_photos/entry-text.html,e98192d32264be7e5ccb41225eb771be51fe2e0e,true,false
unaio/una,modules/boonex/artificer/data/template/bx_videos/entry-text.html,e98192d32264be7e5ccb41225eb771be51fe2e0e,true,false
unaio/una,modules/boonex/artificer/data/template/mod_text/author.html,e98192d32264be7e5ccb41225eb771be51fe2e0e,true,false
unaio/una,modules/boonex/artificer/data/template/system/author.html,e98192d32264be7e5ccb41225eb771be51fe2e0e,true,false
unaio/una,modules/boonex/artificer/data/template/system/author_desc.html,e98192d32264be7e5ccb41225eb771be51fe2e0e,true,false
unaio/una,modules/boonex/market/template/css/entry.css,e98192d32264be7e5ccb41225eb771be51fe2e0e,true,false
unaio/una,modules/boonex/timeline/template/live_update_button.html,e98192d32264be7e5ccb41225eb771be51fe2e0e,true,false
unaio/una,template/author_desc.html,e98192d32264be7e5ccb41225eb771be51fe2e0e,true,false
unaio/una,template/unit_meta_item.html,e98192d32264be7e5ccb41225eb771be51fe2e0e,true,false
unaio/una,modules/boonex/forum/classes/BxForumGrid.php,ed000bffb666e47cce491f5775a9d8952b994708,true,false
ungdev/EtuUTT,src/Etu/Core/UserBundle/Sync/Iterator/Element/ElementToUpdate.php,22039e0b1d42bf51c3de33f4ead45f6bba44b9f4,true,false
valkyrjaio/valkyrja,src/Valkyrja/Http/Messages/MessageTrait.php,661a6cda67c0f53a476da59d54a1a7635e291aee,true,false
valkyrjaio/valkyrja,src/Valkyrja/Http/Facades/Request.php,c2c17a88cddfa1437a2176b3dd6172ccbd62dd33,true,false
vufind-org/vufind,module/VuFindConsole/src/VuFindConsole/Command/Util/IndexReservesCommand.php,226fb7a8035a3d2bb0a01356bd0f1e4f085ad60c,true,true
vufind-org/vufind,module/VuFindConsole/tests/unit-tests/src/VuFindTest/Command/Util/IndexReservesCommandTest.php,226fb7a8035a3d2bb0a01356bd0f1e4f085ad60c,true,true
vufind-org/vufind,module/VuFind/src/VuFind/Controller/AbstractRecord.php,495c4cac19298f70ed7b3b39266a20f9a7561357,true,false
vufind-org/vufind,themes/bootstrap3/templates/record/sms.phtml,495c4cac19298f70ed7b3b39266a20f9a7561357,true,false
vufind-org/vufind,module/VuFind/src/VuFind/ILS/Driver/XCNCIP2.php,6519b289c314a33e65fcb4c08ad754c084cd044f,false,true
vufind-org/vufind,module/VuFind/src/VuFind/Resolver/Driver/Redi.php,97ef8f7de10a44f283d6b00a17cd0c0d5b270e65,true,false
vufind-org/vufind,module/VuFind/tests/unit-tests/src/VuFindTest/Resolver/Driver/RediTest.php,97ef8f7de10a44f283d6b00a17cd0c0d5b270e65,true,false
vufind-org/vufind,module/VuFind/src/VuFind/Recommend/PluginManager.php,b9144607f1287c516c13ec6874f7b6e910e8bd09,true,false
vufind-org/vufind,module/VuFind/src/VuFind/ILS/Driver/Unicorn.php,cbdfd59b458b40caa8e8aaacc5e4490cf495a505,false,true
vufind-org/vufind,module/VuFind/tests/unit-tests/src/VuFindTest/ILS/Driver/UnicornTest.php,cbdfd59b458b40caa8e8aaacc5e4490cf495a505,false,true
vufind-org/vufind,themes/bootstrap3/templates/RecordTab/reviews.phtml,cbdfd59b458b40caa8e8aaacc5e4490cf495a505,false,true
vufind-org/vufind,themes/bootstrap3/templates/admin/home.phtml,cbdfd59b458b40caa8e8aaacc5e4490cf495a505,false,true
vufind-org/vufind,themes/bootstrap3/js/lightbox.js,d522d9409b2ffaa16a6a1c9f039c5749da6dba10,true,false
vufind-org/vufind,module/VuFind/src/VuFind/ILS/Driver/Folio.php,f1bbe7b227d224d26e81c0947b175dce6b302b5a,true,false
wallabag/wallabag,var/SymfonyRequirements.php,4ff43814bc08860afc279c734062ec7095d120f2,true,false
webonyx/graphql-php,src/Validator/QueryValidationContext.php,90523985d875669128dc5926063b8232f6695618,true,false
weierophinney/mwop.net,src/Contact/Validation/InputFilter.php,6f423b370de39886f42bc1546a44f6821e7cea04,true,false
weierophinney/mwop.net,assets/gulpfile.js,a5f63393f6ae32c56ab0dd1bf905af053034f52a,false,true
wikimedia/mediawiki-extensions-AntiSpoof,includes/ApiAntiSpoof.php,d1b12f6d6d3ce49ad6c0d0adfbd0c2e3e50f4e50,true,true
wikimedia/mediawiki-extensions-Babel,includes/BabelStatic.php,e1c38ae59f15527c30469c783599554d201d6c46,true,false
wikimedia/mediawiki-extensions-BlogPage,includes/specials/SpecialCreateBlogPost.php,0f1258596a2f25504e9bba102e2f317de198d5f2,true,true
wikimedia/mediawiki-extensions-CategoryTree,includes/ApiCategoryTree.php,a42526cc2e427cd50227bdfb14f5767c1eb91d8b,true,true
wikimedia/mediawiki-extensions-CentralAuth,includes/Api/ApiQueryGlobalRenameStatus.php,4a0547e716aecc36d51f9774dfe3460577c2bc68,true,true
wikimedia/mediawiki-extensions-CentralNotice,resources/infrastructure/campaignManager.js,fb286e275d99601e878289f916665b4d946b00cd,true,false
wikimedia/mediawiki-extensions-CheckUser,src/Specials/SpecialCheckUser.php,50acbc529aaf768bc8940723fd53ee505a6e843f,true,false
wikimedia/mediawiki-extensions-CirrusSearch,includes/ElasticsearchIntermediary.php,1dd49a268fe995e73a068315c83d3bd70a0b10f1,true,false
wikimedia/mediawiki-extensions-CirrusSearch,includes/Search/Filters.php,4b8e377fbe77743468263eb83b5fa8013aacd47b,true,false
wikimedia/mediawiki-extensions-CirrusSearch,tests/phpunit/integration/Query/HasTemplateFeatureTest.php,4b8e377fbe77743468263eb83b5fa8013aacd47b,true,false
wikimedia/mediawiki-extensions-CirrusSearch,tests/phpunit/unit/Query/FileFeatureTest.php,4b8e377fbe77743468263eb83b5fa8013aacd47b,true,false
wikimedia/mediawiki-extensions-CirrusSearch,tests/phpunit/unit/Query/HasRecommendationFeatureTest.php,4b8e377fbe77743468263eb83b5fa8013aacd47b,true,false
wikimedia/mediawiki-extensions-CirrusSearch,tests/phpunit/unit/Query/LanguageFeatureTest.php,4b8e377fbe77743468263eb83b5fa8013aacd47b,true,false
wikimedia/mediawiki-extensions-CirrusSearch,includes/Query/FullTextQueryStringQueryBuilder.php,9f66a2111b7aafb564119d01038630becd005a43,true,false
wikimedia/mediawiki-extensions-CirrusSearch,tests/integration/features/wildcard_api.feature,9f66a2111b7aafb564119d01038630becd005a43,true,false
wikimedia/mediawiki-extensions-CirrusSearch,includes/Query/FullTextSimpleMatchQueryBuilder.php,b7592fd4abd4dad792a75f29deebd90a06628d1b,true,false
wikimedia/mediawiki-extensions-Collection,.phpcs.xml,6847e37a5ae75c31863eae26e8d417621467dd9a,true,false
wikimedia/mediawiki-extensions-Collection,composer.json,6847e37a5ae75c31863eae26e8d417621467dd9a,true,false
wikimedia/mediawiki-extensions-Collection,templates/CollectionSuggestTemplate.php,6847e37a5ae75c31863eae26e8d417621467dd9a,true,false
wikimedia/mediawiki-extensions-ConfirmAccount,includes/business/AccountConfirmSubmission.php,e2003e237ec9928565bd7b69cb1f2c0588f78360,true,true
wikimedia/mediawiki-extensions-Echo,includes/controller/NotificationController.php,ef06fb78aa2985a14f4e3c7cbe14fbd471e2654b,false,true
wikimedia/mediawiki-extensions-EventLogging,includes/ApiJsonSchema.php,29d5084361e6a9f2b2044fd8397a8961f4a76c35,true,true
wikimedia/mediawiki-extensions-FlaggedRevs,backend/FlaggedRevsLog.php,837ea38de4c02f4ffe7df5a4bcab625f7331dd21,false,true
wikimedia/mediawiki-extensions-FlaggedRevs,backend/FRPageConfig.php,ba062a45b2de5459d59511c5b07c4e3575503846,true,false
wikimedia/mediawiki-extensions-Flow,i18n/qqq.json,d39cc84410f85abbab829a678055f0fcee22d072,true,true
wikimedia/mediawiki-extensions-Flow,modules/contributions/base.js,d39cc84410f85abbab829a678055f0fcee22d072,true,true
wikimedia/mediawiki-extensions-Flow,includes/SubmissionHandler.php,f1103a3baa226d70cec3eceff1cbd0f33c99db6b,true,false
wikimedia/mediawiki-extensions-GWToolset,includes/Handlers/Forms/MetadataMappingHandler.php,e432feb809a392c2775abcc013990bcc48962470,false,true
wikimedia/mediawiki-extensions-GlobalPreferences,includes/ApiQueryGlobalPreferences.php,216fdd260b646eee39a6e4b562841755b0efa646,true,true
wikimedia/mediawiki-extensions-ImageMap,includes/ImageMap.php,75f95fbc1e3fc4ff3555738b8769d5a5430a5b72,true,false
wikimedia/mediawiki-extensions-JsonConfig,includes/JCLuaLibrary.php,f6745177aebc3fe829c7919a709b81a1b32e23c5,true,false
wikimedia/mediawiki-extensions-LiquidThreads,classes/LqtParserFunctions.php,2bb59989e93cd1b6d75d718f1e949a9b53848436,true,false
wikimedia/mediawiki-extensions-MassEditRegex,includes/MassEditRegex.php,43a226a4397360f84fec2854718d7b19d93334d2,true,true
wikimedia/mediawiki-extensions-MassMessage,includes/Content/MassMessageListContentHandler.php,674bfe2359d5b9fa0b4949e54d37d6948d311396,true,true
wikimedia/mediawiki-extensions-MassMessage,extension.json,cd25f99bc8abfa249e9a5800dd4aa05423569cfe,true,true
wikimedia/mediawiki-extensions-MassMessage,includes/Specials/SpecialEditMassMessageList.php,cd25f99bc8abfa249e9a5800dd4aa05423569cfe,true,true
wikimedia/mediawiki-extensions-Math,src/MathRestbaseInterface.php,72a537e8a873fc6d543c40995d034956efd2101d,true,false
wikimedia/mediawiki-extensions-Newsletter,includes/api/ApiNewsletterSubscribe.php,66834a136fd133cbe0ff01d495d8431b7e8f92f2,true,true
wikimedia/mediawiki-extensions-OATHAuth,src/Api/Module/ApiOATHValidate.php,3f5f7f6db956c3bd3329d1cd7261e07c54025211,true,true
wikimedia/mediawiki-extensions-OATHAuth,src/Key/TOTPKey.php,7eb87b5cfc1fa55205ab67dfe8ff0048fcec2ece,true,false
wikimedia/mediawiki-extensions-OAuth,src/Frontend/SpecialPages/SpecialMWOAuthListConsumers.php,ffcc6cf1a81a655883d7ec5947f56056a817deec,true,false
wikimedia/mediawiki-extensions-SecurePoll,includes/Api/ApiStrikeVote.php,dbcbeaf4a0e264d56a4bf7c59f3b794e87b3674b,true,true
wikimedia/mediawiki-extensions-TemplateSandbox,includes/Hooks.php,28f7b9313625b48e34bfcdfa0cce152d2c20e5a8,true,true
wikimedia/mediawiki-extensions-WikimediaEvents,includes/PrefUpdateInstrumentation.php,2f406bc20edaf9c356b12beff7d803821db772fa,true,false
wikimedia/mediawiki-extensions-WikimediaMaintenance,addWiki.php,10ac82b4e98ec87c3fdf31c8c04918fa1ff28729,true,false
wikimedia/parsoid,tests/RTTestSettings.php,116889c7edfa7c234ea20037d8eaa2e3006d0bac,false,true
wikimedia/parsoid,tools/Maintenance.php,116889c7edfa7c234ea20037d8eaa2e3006d0bac,false,true
wikimedia/parsoid,tests/phpunit/Parsoid/Html2Wt/TemplateDataTest.php,3c0cc090ac1e145a31d8acbe83ec96d06b1feb67,true,false
wikimedia/parsoid,src/Mocks/MockSiteConfig.php,9023f630aa10e87f972bda9c8f573868a47f8736,true,false
wikimedia/parsoid,bin/langconv-test.js,b2410c2a443e541caad1f43c3e3d6f2e2f009ed3,true,false
wikimedia/parsoid,lib/config/ParsoidConfig.js,b2410c2a443e541caad1f43c3e3d6f2e2f009ed3,true,false
wikimedia/parsoid,tests/serviceWrapper.js,b2410c2a443e541caad1f43c3e3d6f2e2f009ed3,true,false
wikimedia/parsoid,tools/runRtTests.js,b2410c2a443e541caad1f43c3e3d6f2e2f009ed3,true,false
wikimedia/parsoid,src/Config/StubMetadataCollector.php,eb68fde42db186d7d70f855a8df9ebfd3c0af965,true,false
wikimedia/parsoid,src/Wt2Html/PP/Handlers/CleanUp.php,faa0e7d3ef527a126e7e48c7565576ca065ad025,true,false
wikimedia/parsoid,tests/parser/indentPreTests.txt,faa0e7d3ef527a126e7e48c7565576ca065ad025,true,false
wp-media/wp-rocket-helpers,rucss/wp-rocket-exclude-inline-css-rucss/README.md,1254621ab4c212e62797656b973fa482941bb61a,false,true
wp-media/wp-rocket-helpers,rucss/wp-rocket-exclude-inline-css-rucss/wp-rocket-exclude-inline-css-rucss.php,1254621ab4c212e62797656b973fa482941bb61a,false,true
wp-media/wp-rocket-helpers,rucss/wp-rocket-exclude-inline-css-rucss/wp-rocket-exclude-inline-css-rucss.zip,1254621ab4c212e62797656b973fa482941bb61a,false,true
wp-media/wp-rocket-helpers,rucss/wp-rocket-conditionally-disable-remove-unused-css/README.md,59af423bacbcb0633007117999ed545161833174,false,true
wp-media/wp-rocket-helpers,rucss/wp-rocket-conditionally-disable-remove-unused-css/wp-rocket-conditionally-disable-remove-unused-css.php,59af423bacbcb0633007117999ed545161833174,false,true
wp-media/wp-rocket-helpers,rucss/wp-rocket-conditionally-disable-remove-unused-css/wp-rocket-conditionally-disable-remove-unused-css.zip,59af423bacbcb0633007117999ed545161833174,false,true
wp-media/wp-rocket-helpers,htaccess/wp-rocket-htaccess-custom-rules-no-store-html/README.md,b6f635bb15e6e17a4368d349562ef7a0c687a316,false,true
wp-media/wp-rocket-helpers,htaccess/wp-rocket-htaccess-custom-rules-no-store-html/wp-rocket-htaccess-custom-rules-no-store-html.php,b6f635bb15e6e17a4368d349562ef7a0c687a316,false,true
wp-media/wp-rocket-helpers,htaccess/wp-rocket-htaccess-custom-rules-no-store-html/wp-rocket-htaccess-custom-rules-no-store-html.zip,b6f635bb15e6e17a4368d349562ef7a0c687a316,false,true
wp-media/wp-rocket-helpers,htaccess/wp-rocket-htaccess-trailing-slash-multisite/wp-rocket-htaccess-trailing-slash-multisite.php,e920a5332e70f9bbb7c0dd1fb8d5b499896d50c4,true,false
wp-media/wp-rocket-helpers,htaccess/wp-rocket-htaccess-trailing-slash-multisite/wp-rocket-htaccess-trailing-slash-multisite.zip,e920a5332e70f9bbb7c0dd1fb8d5b499896d50c4,true,false
xnau/pardibee,classes/PDb_admin_list/query.php,1ba6703a43201e3d51f40b7eac54a6e3f36615a2,false,true
xnau/pardibee,classes/PDb_File_Uploads.php,3c25eba0c8d56ed033a722412342efb5afc43a1c,true,false
xnau/pardibee,classes/PDb_CSV_Import.php,ba87a670b7889b69e25d7a1b18d25cc011be1827,true,false
xnau/pardibee,classes/PDb_admin_list/field_input.php,f847e08542a89430c098beb2a66c4d02b15f70de,false,true
yiisoft/yii2,framework/validators/InlineValidator.php,06e547275360fae5fcd7033ffb17015e2609c164,true,false
yiisoft/yii2,tests/data/validators/models/FakedValidationModel.php,06e547275360fae5fcd7033ffb17015e2609c164,true,false
yiisoft/yii2,tests/framework/validators/ValidatorTest.php,06e547275360fae5fcd7033ffb17015e2609c164,true,false
yiisoft/yii2,framework/web/AssetConverter.php,406ec82f9422908a3fdef69d2c12f5598402788c,true,true
yiisoft/yii2,tests/framework/web/RequestTest.php,8046d3a50f207e1033e1b23ff571da5bced0c822,true,false
yiisoft/yii2,framework/helpers/BaseHtml.php,94dfccd6fa7e88f7049d16a14ab562edcb25419e,true,false
yiisoft/yii2,tests/framework/helpers/HtmlTest.php,94dfccd6fa7e88f7049d16a14ab562edcb25419e,true,false
yiisoft/yii2,framework/helpers/BaseInflector.php,a90017294c00893c794979bebb99f03abd98774d,true,false
yiisoft/yii2,framework/validators/FileValidator.php,e234e48f3c88c78cf4cfe7f5b9cb0da713d6b986,true,false
yiisoft/yii2-framework,validators/FileValidator.php,28e9ee4331a07096cf3a012e0ef5dae31e5ed01f,true,false
yiisoft/yii2-framework,web/AssetConverter.php,64a68e466372b3ad6a11483e76c58d1a669c32be,true,true
yiisoft/yii2-framework,helpers/BaseHtml.php,7250ab6e8a37b7e423d67f264b40b7eb1cdd4dde,true,false
yiisoft/yii2-framework,helpers/mimeAliases.php,91ebee9f073b9fc70b7fe057f61bf67bf97b6552,true,false
yiisoft/yii2-framework,helpers/BaseInflector.php,a17ec7376309f707b3a636e607fdbfd69ef521d8,true,false
yiisoft/yii2-framework,validators/InlineValidator.php,bc9158f503fa4c7e7564cb6af6078d1b67c4c2cb,true,false
zephir-lang/zephir,Library/functions.php,11e54debef7b9cc1b387d5868d73bfc95d6b3686,false,true
zircote/swagger-php,LICENSE,25159051d9b00a50895a78e97597b4ab846d7613,false,true
zircote/swagger-php,LICENSE-2.0.txt,25159051d9b00a50895a78e97597b4ab846d7613,false,true
zircote/swagger-php,Examples/using-refs/OpenApiSpec.php,3e41d604d6d1496043be1de9f688db410177f384,true,false
